SEF_DCM_Name|SEF_DCM_LEI|Trade_Date|Effective_Date|Internal_Prod_ID|Internal_Prod_Des|Asset_Class|Base_Prod|Sub_Prod|Tran_Type|Contract_Type|Curr_Code|Setl_Method|UPI|Block_Flag|Option_Flag|DCO_Name|DCO_LEI|Premium_Volatility_Other_Flag|First_Price|High_Price|Low_Price|Last_Price|Traded_Currency|Notional_Traded_Currency_DA|Notional_Traded_Currency_NDA|Total_Notional_USD_DA|Cleared_Notional_USD_DA|Un_Cleared_Notional_USD_DA|Total_Notional_USD_NDA|Cleared_Notional_USD_NDA|Un_Cleared_Notional_USD_NDA|Total_Trade_Count|Cleared_Trade_Count|Un_Cleared_Trade_Count
Tradition SEF Inc.|549300MBO45EHETL4438|20230301|20230302|2I65BYEB7_5Y_DS50|"IG39 5Y CD "|CD|INDX|CDX|CDXIG|2I65BYEB7|USD|CASH||N|N|IntercontinentalExchange, Inc.|549300R4IG1TWPZT5U32|O|76.2|76.25|75.55|75.55|USD|225000000.0|225000000|225000000|225000000|0|225000000|225000000|0|5|5|0
Tradition SEF Inc.|549300MBO45EHETL4438|20230301|20230301|717711|"OD EUR vs. JPY Call at a strike of 150"|FX|O||EURJPY||EUR|CASH||N|N|||P|252500|265000|252500|265000|EUR|200000000.0|200000000|213140016|0|213140016|213140016|0|213140016|2|0|2
Tradition SEF Inc.|549300MBO45EHETL4438|20230301|20230301|717714|"1M USD vs. JPY Put at a delta of 50"|FX|O||USDJPY||USD|CASH||N|N|||P|208125|208125|208125|208125|USD|750000000|15000000|750000000|0|750000000|15000000|0|15000000|1|0|1
Tradition SEF Inc.|549300MBO45EHETL4438|20230301|20230301|717715|"1M USD vs. JPY Call at a delta of 50"|FX|O||USDJPY||USD|CASH||N|N|||P|201750|201750|201750|201750|USD|750000000|15000000|750000000|0|750000000|15000000|0|15000000|1|0|1
Tradition SEF Inc.|549300MBO45EHETL4438|20230301|20230301|717716|"3M AUD vs. JPY Put at a delta of 50"|FX|O||AUDJPY||AUD|CASH||N|N|||P|366375|366375|366375|366375|AUD|750000000|15000000|505950016|0|505950016|10119000|0|10119000|1|0|1
Tradition SEF Inc.|549300MBO45EHETL4438|20230301|20230301|717717|"3M AUD vs. JPY Call at a delta of 50"|FX|O||AUDJPY||AUD|CASH||N|N|||P|399375|399375|399375|399375|AUD|750000000|15000000|505950016|0|505950016|10119000|0|10119000|1|0|1
Tradition SEF Inc.|549300MBO45EHETL4438|20230301|20230301|717718|"1M EUR vs. JPY Put at a delta of 10"|FX|O||EURJPY||EUR|CASH||N|N|||P|52500|52500|52500|52500|EUR|300000000|30000000|319710016|0|319710016|31971002|0|31971002|1|0|1
Tradition SEF Inc.|549300MBO45EHETL4438|20230301|20230301|717720|"1W USD vs. JPY Call at a strike of 133.3"|FX|O||USDJPY||USD|CASH||N|N|||P|37500|37500|37500|37500|USD|100000000.0|100000000|100000000|0|100000000|100000000|0|100000000|2|0|2
Tradition SEF Inc.|549300MBO45EHETL4438|20230301|20230301|717722|"OD USD vs. JPY Put at a strike of 136.1"|FX|SPEX|BR|USDJPY||USD|CASH||N|N|||P|2362500|2362500|2362500|2362500|USD|5000000.0|5000000|5000000|0|5000000|5000000|0|5000000|1|0|1
Tradition SEF Inc.|549300MBO45EHETL4438|20230301|20230301|717724|"1Y USD vs. CNH Put at a delta of 50"|FX|O||USDCNH||USD|CASH||N|N|||P|385125|385125|385125|385125|USD|750000000|15000000|750000000|0|750000000|15000000|0|15000000|1|0|1
Tradition SEF Inc.|549300MBO45EHETL4438|20230301|20230301|717725|"1Y USD vs. CNH Call at a delta of 50"|FX|O||USDCNH||USD|CASH||N|N|||P|356437.5|356437.5|356437.5|356437.5|USD|750000000|15000000|750000000|0|750000000|15000000|0|15000000|1|0|1
Tradition SEF Inc.|549300MBO45EHETL4438|20230301|20230301|717727|"3M USD vs. TWD Put at a delta of 50"|FX|NDO||USDTWD||USD|CASH||N|N|||P|155500|230250|155500|230250|USD|1250000000|25000000|1250000000|0|1250000000|25000000|0|25000000|2|0|2
Tradition SEF Inc.|549300MBO45EHETL4438|20230301|20230301|717728|"3M USD vs. TWD Call at a delta of 50"|FX|NDO||USDTWD||USD|CASH||N|N|||P|148875|220312.5|148875|220312.5|USD|1250000000|25000000|1250000000|0|1250000000|25000000|0|25000000|2|0|2
Tradition SEF Inc.|549300MBO45EHETL4438|20230301|20230301|717730|"1M EUR vs. USD Put at a delta of 50"|FX|O||EURUSD||EUR|CASH||N|N|||P|49750|152625|49750|125625|EUR|3000000000|60000000|3197100290|0|3197100290|63942004|0|63942004|5|0|5
Tradition SEF Inc.|549300MBO45EHETL4438|20230301|20230301|717731|"1M EUR vs. USD Call at a delta of 50"|FX|O||EURUSD||EUR|CASH||N|N|||P|48250|146625|48250|123125|EUR|3000000000|60000000|3197100290|0|3197100290|63942004|0|63942004|5|0|5
Tradition SEF Inc.|549300MBO45EHETL4438|20230301|20230301|717732|"1M USD vs. CNH Put at a delta of 50"|FX|O||USDCNH||USD|CASH||N|N|||P|187500|189375|94375|185000|USD|5125000000|102500000|5125000200|0|5125000200|102500000|0|102500000|5|0|5
Tradition SEF Inc.|549300MBO45EHETL4438|20230301|20230301|717733|"1M USD vs. CNH Call at a delta of 50"|FX|O||USDCNH||USD|CASH||N|N|||P|183750|184375|92500|180625|USD|5125000000|102500000|5125000200|0|5125000200|102500000|0|102500000|5|0|5
Tradition SEF Inc.|549300MBO45EHETL4438|20230301|20230301|717735|"2M USD vs. CNH Put at a delta of 25"|FX|O||USDCNH||USD|CASH||N|N|||P|412500|412500|412500|412500|USD|2500000000|100000000|2500000000|0|2500000000|100000000|0|100000000|1|0|1
Tradition SEF Inc.|549300MBO45EHETL4438|20230301|20230301|717736|"2M USD vs. CNH Call at a delta of 25"|FX|O||USDCNH||USD|CASH||N|N|||P|358750|358750|358750|358750|USD|2500000000|100000000|2500000000|0|2500000000|100000000|0|100000000|1|0|1
Tradition SEF Inc.|549300MBO45EHETL4438|20230301|20230301|717739|"OD EUR vs. USD Call at a strike of 1.0835"|FX|O||EURUSD||EUR|CASH||N|N|||P|5000|5000|5000|5000|EUR|50000000.0|50000000|53285004|0|53285004|53285004|0|53285004|1|0|1
Tradition SEF Inc.|549300MBO45EHETL4438|20230301|20230301|717740|"1W GBP vs. USD Put at a delta of 50"|FX|O||GBPUSD||GBP|CASH||N|N|||P|382812.5|382812.5|306250|306250|GBP|5625000000|112500000|6758999600|0|6758999600|135180000|0|135180000|2|0|2
Tradition SEF Inc.|549300MBO45EHETL4438|20230301|20230301|717741|"1W GBP vs. USD Call at a delta of 50"|FX|O||GBPUSD||GBP|CASH||N|N|||P|368750|368750|295000|295000|GBP|5625000000|112500000|6758999600|0|6758999600|135180000|0|135180000|2|0|2
Tradition SEF Inc.|549300MBO45EHETL4438|20230301|20230301|717742|"1M GBP vs. USD Put at a delta of 50"|FX|O||GBPUSD||GBP|CASH||N|N|||P|850000|850000|680000|680000|GBP|5625000000|112500000|6758999600|0|6758999600|135180000|0|135180000|2|0|2
Tradition SEF Inc.|549300MBO45EHETL4438|20230301|20230301|717743|"1M GBP vs. USD Call at a delta of 50"|FX|O||GBPUSD||GBP|CASH||N|N|||P|832812.5|832812.5|666250|666250|GBP|5625000000|112500000|6758999600|0|6758999600|135180000|0|135180000|2|0|2
Tradition SEF Inc.|549300MBO45EHETL4438|20230301|20230301|717744|"OD EUR vs. USD Call at a strike of 1.0685"|FX|O||EURUSD||EUR|CASH||N|N|||P|247500|341250|24750|247500|EUR|410000000.0|410000000|436937024|0|436937024|436937024|0|436937024|5|0|5
Tradition SEF Inc.|549300MBO45EHETL4438|20230301|20230301|717747|"2M EUR vs. USD Call at a strike of 1.075"|FX|O||EURUSD||EUR|CASH||N|N|||P|501250|2843750|501250|548750|EUR|700000000.0|700000000|745990020|0|745990020|745990020|0|745990020|7|0|7
Tradition SEF Inc.|549300MBO45EHETL4438|20230301|20230301|717752|"2W USD vs. CNH Put at a delta of 25"|FX|O||USDCNH||USD|CASH||N|N|||P|226250|226250|226250|226250|USD|2500000000|100000000|2500000000|0|2500000000|100000000|0|100000000|1|0|1
Tradition SEF Inc.|549300MBO45EHETL4438|20230301|20230301|717753|"2W USD vs. CNH Call at a delta of 25"|FX|O||USDCNH||USD|CASH||N|N|||P|207500|207500|207500|207500|USD|2500000000|100000000|2500000000|0|2500000000|100000000|0|100000000|1|0|1
Tradition SEF Inc.|549300MBO45EHETL4438|20230301|20230301|717756|"1M USD vs. SGD Put at a delta of 50"|FX|O||USDSGD||USD|CASH||N|N|||P|98250|229250|98250|229250|USD|2500000000|50000000|2500000000|0|2500000000|50000000|0|50000000|2|0|2
Tradition SEF Inc.|549300MBO45EHETL4438|20230301|20230301|717757|"1M USD vs. SGD Call at a delta of 50"|FX|O||USDSGD||USD|CASH||N|N|||P|94125|219625|94125|219625|USD|2500000000|50000000|2500000000|0|2500000000|50000000|0|50000000|2|0|2
Tradition SEF Inc.|549300MBO45EHETL4438|20230301|20230301|717760|"1W AUD vs. USD Call at a strike of 0.68"|FX|O||AUDUSD||AUD|CASH||N|N|||P|295000|295000|295000|295000|AUD|100000000.0|100000000|67460000|0|67460000|67460000|0|67460000|1|0|1
Tradition SEF Inc.|549300MBO45EHETL4438|20230301|20230301|717762|"2M USD vs. SGD Put at a delta of 50"|FX|O||USDSGD||USD|CASH||N|N|||P|93250|93250|93250|93250|USD|500000000|10000000|500000000|0|500000000|10000000|0|10000000|1|0|1
Tradition SEF Inc.|549300MBO45EHETL4438|20230301|20230301|717763|"2M USD vs. SGD Call at a delta of 50"|FX|O||USDSGD||USD|CASH||N|N|||P|91250|91250|91250|91250|USD|500000000|10000000|500000000|0|500000000|10000000|0|10000000|1|0|1
Tradition SEF Inc.|549300MBO45EHETL4438|20230301|20230301|717765|"2W EUR vs. JPY Put at a strike of 142.5"|FX|O||EURJPY||EUR|CASH||N|N|||P|111875|335625|111875|335625|EUR|100000000.0|100000000|106570008|0|106570008|106570008|0|106570008|2|0|2
Tradition SEF Inc.|549300MBO45EHETL4438|20230301|20230301|717766|"2W EUR vs. JPY Put at a strike of 138.5"|FX|O||EURJPY||EUR|CASH||N|N|||P|22500|67500|22500|67500|EUR|100000000.0|100000000|106570008|0|106570008|106570008|0|106570008|2|0|2
Tradition SEF Inc.|549300MBO45EHETL4438|20230301|20230301|717768|"OD GBP vs. USD Put at a strike of 1.2015"|FX|O||GBPUSD||GBP|CASH||N|N|||P|455500|749250|455500|749250|GBP|50000000.0|50000000|60079996|0|60079996|60079996|0|60079996|2|0|2
Tradition SEF Inc.|549300MBO45EHETL4438|20230301|20230301|717770|"OD GBP vs. USD Put at a strike of 1.1975"|FX|O||GBPUSD||GBP|CASH||N|N|||P|130000|130000|52000|78000|GBP|100000000.0|100000000|120159992|0|120159992|120159992|0|120159992|3|0|3
Tradition SEF Inc.|549300MBO45EHETL4438|20230301|20230301|717772|"3M EUR vs. USD Put at a delta of 50"|FX|O||EURUSD||EUR|CASH||N|N|||P|425625|1273125|169250|433125|EUR|17000000000|340000000|18116900900|0|18116900900|362338016|0|362338016|14|0|14
Tradition SEF Inc.|549300MBO45EHETL4438|20230301|20230301|717773|"3M EUR vs. USD Call at a delta of 50"|FX|O||EURUSD||EUR|CASH||N|N|||P|401250|1216875|162750|408125|EUR|17000000000|340000000|18116900900|0|18116900900|362338016|0|362338016|14|0|14
Tradition SEF Inc.|549300MBO45EHETL4438|20230301|20230301|717774|"2M USD vs. JPY Put at a delta of 50"|FX|O||USDJPY||USD|CASH||N|N|||P|516875|516875|309750|309750|USD|4500000000|90000000|4499999700|0|4499999700|90000000|0|90000000|4|0|4
Tradition SEF Inc.|549300MBO45EHETL4438|20230301|20230301|717775|"2M USD vs. JPY Call at a delta of 50"|FX|O||USDJPY||USD|CASH||N|N|||P|483750|484375|290625|290625|USD|4500000000|90000000|4499999700|0|4499999700|90000000|0|90000000|4|0|4
Tradition SEF Inc.|549300MBO45EHETL4438|20230301|20230301|717776|"1Y EUR vs. USD Put at a delta of 50"|FX|O||EURUSD||EUR|CASH||N|N|||P|441250|1377562.5|186375|1377562.5|EUR|3862500000|77250000|4116266500|0|4116266500|82325328|0|82325328|5|0|5
Tradition SEF Inc.|549300MBO45EHETL4438|20230301|20230301|717777|"1Y EUR vs. USD Call at a delta of 50"|FX|O||EURUSD||EUR|CASH||N|N|||P|402812.5|1241937.5|168525|1241937.5|EUR|3862500000|77250000|4116266500|0|4116266500|82325328|0|82325328|5|0|5
Tradition SEF Inc.|549300MBO45EHETL4438|20230301|20230301|717778|"OD NZD vs. USD Put at a strike of 0.625"|FX|O||NZDUSD||NZD|CASH||N|N|||P|54750|136875|54750|76500|NZD|150000000.0|150000000|93570000|0|93570000|93570000|0|93570000|3|0|3
Tradition SEF Inc.|549300MBO45EHETL4438|20230301|20230301|717780|"OD EUR vs. HUF Put at a delta of 50"|FX|O||EURHUF||EUR|CASH||N|N|||P|38500|38500|38500|38500|EUR|250000000|5000000|266425008|0|266425008|5328500.5|0|5328500.5|1|0|1
Tradition SEF Inc.|549300MBO45EHETL4438|20230301|20230301|717781|"OD EUR vs. HUF Call at a delta of 50"|FX|O||EURHUF||EUR|CASH||N|N|||P|39125|39125|39125|39125|EUR|250000000|5000000|266425008|0|266425008|5328500.5|0|5328500.5|1|0|1
Tradition SEF Inc.|549300MBO45EHETL4438|20230301|20230301|717783|"OD AUD vs. NZD Call at a strike of 1.09"|FX|O||AUDNZD||AUD|CASH||N|N|||P|140000|140000|140000|140000|AUD|100000000.0|100000000|67460000|0|67460000|67460000|0|67460000|1|0|1
Tradition SEF Inc.|549300MBO45EHETL4438|20230301|20230301|717784|"OD AUD vs. NZD Put at a strike of 1.075"|FX|O||AUDNZD||AUD|CASH||N|N|||P|205000|205000|205000|205000|AUD|100000000.0|100000000|67460000|0|67460000|67460000|0|67460000|1|0|1
Tradition SEF Inc.|549300MBO45EHETL4438|20230301|20230301|717786|"1W USD vs. CAD Call at a strike of 1.356"|FX|O||USDCAD||USD|CASH||N|N|||P|50500|50500|21000|21000|USD|30000000.0|30000000|30000000|0|30000000|30000000|0|30000000|2|0|2
Tradition SEF Inc.|549300MBO45EHETL4438|20230301|20230301|717788|"1W USD vs. ZAR Put at a strike of 18.29"|FX|O||USDZAR||USD|CASH||N|N|||P|47250|236250|47250|236250|USD|60000000.0|60000000|60000000|0|60000000|60000000|0|60000000|2|0|2
Tradition SEF Inc.|549300MBO45EHETL4438|20230301|20230301|717790|"1W USD vs. CAD Put at a delta of 50"|FX|O||USDCAD||USD|CASH||N|N|||P|44375|44375|44375|44375|USD|625000000|12500000|625000000|0|625000000|12500000|0|12500000|1|0|1
Tradition SEF Inc.|549300MBO45EHETL4438|20230301|20230301|717791|"1W USD vs. CAD Call at a delta of 50"|FX|O||USDCAD||USD|CASH||N|N|||P|44062.5|44062.5|44062.5|44062.5|USD|625000000|12500000|625000000|0|625000000|12500000|0|12500000|1|0|1
Tradition SEF Inc.|549300MBO45EHETL4438|20230301|20230301|717792|"2W USD vs. CAD Put at a delta of 50"|FX|O||USDCAD||USD|CASH||N|N|||P|29875|73125|29875|73125|USD|875000000|17500000|875000000|0|875000000|17500000|0|17500000|2|0|2
Tradition SEF Inc.|549300MBO45EHETL4438|20230301|20230301|717793|"2W USD vs. CAD Call at a delta of 50"|FX|O||USDCAD||USD|CASH||N|N|||P|28625|73437.5|28625|73437.5|USD|875000000|17500000|875000000|0|875000000|17500000|0|17500000|2|0|2
Tradition SEF Inc.|549300MBO45EHETL4438|20230301|20230301|717795|"9M USD vs. CAD Put at a strike of 1.39"|FX|O||USDCAD||USD|CASH||N|N|||P|2362500|2362500|1600000|1600000|USD|250000000.0|250000000|250000000|0|250000000|250000000|0|250000000|2|0|2
Tradition SEF Inc.|549300MBO45EHETL4438|20230301|20230301|717796|"9M USD vs. CAD Put at a strike of 1.45"|FX|O||USDCAD||USD|CASH||N|N|||P|1537687.5|1537687.5|1031825|1031825|USD|347000000.0|347000000|347000000|0|347000000|347000000|0|347000000|2|0|2
Tradition SEF Inc.|549300MBO45EHETL4438|20230301|20230301|717799|"ON EUR vs. USD Call at a strike of 1.08"|FX|O||EURUSD||EUR|CASH||N|N|||P|8750|8750|8750|8750|EUR|50000000.0|50000000|53285004|0|53285004|53285004|0|53285004|1|0|1
Tradition SEF Inc.|549300MBO45EHETL4438|20230301|20230301|717800|"OD USD vs. JPY Put at a strike of 136.5"|FX|O||USDJPY||USD|CASH||N|N|||P|45000|45000|27000|27000|USD|130000000.0|130000000|130000000|0|130000000|130000000|0|130000000|3|0|3
Tradition SEF Inc.|549300MBO45EHETL4438|20230301|20230301|717803|"ON USD vs. JPY Call at a strike of 134.8"|FX|O||USDJPY||USD|CASH||N|N|||P|132500|132500|132500|132500|USD|100000000.0|100000000|100000000|0|100000000|100000000|0|100000000|1|0|1
Tradition SEF Inc.|549300MBO45EHETL4438|20230301|20230301|717804|"ON USD vs. JPY Put at a strike of 136"|FX|O||USDJPY||USD|CASH||N|N|||P|80000|80000|77500|77500|USD|150000000.0|150000000|150000000|0|150000000|150000000|0|150000000|2|0|2
Tradition SEF Inc.|549300MBO45EHETL4438|20230301|20230301|717806|"2W USD vs. JPY Call at a strike of 134"|FX|O||USDJPY||USD|CASH||N|N|||P|341250|341250|341250|341250|USD|50000000.0|50000000|50000000|0|50000000|50000000|0|50000000|1|0|1
Tradition SEF Inc.|549300MBO45EHETL4438|20230301|20230301|717808|"ON USD vs. BRL Call at a strike of 5.15"|FX|NDO||USDBRL||USD|CASH||N|N|||P|25000|25000|25000|25000|USD|100000000.0|100000000|100000000|0|100000000|100000000|0|100000000|2|0|2
Tradition SEF Inc.|549300MBO45EHETL4438|20230301|20230301|717810|"OD USD vs. BRL Call at a strike of 5.21"|FX|NDO||USDBRL||USD|CASH||N|N|||P|293250|293250|293250|293250|USD|60000000.0|60000000|60000000|0|60000000|60000000|0|60000000|2|0|2
Tradition SEF Inc.|549300MBO45EHETL4438|20230301|20230301|717812|"ON USD vs. BRL Call at a strike of 5.2"|FX|NDO||USDBRL||USD|CASH||N|N|||P|68250|68250|68250|68250|USD|60000000.0|60000000|60000000|0|60000000|60000000|0|60000000|2|0|2
Tradition SEF Inc.|549300MBO45EHETL4438|20230301|20230301|717814|"2M USD vs. CAD Put at a delta of 25"|FX|O||USDCAD||USD|CASH||N|N|||P|232500|232500|138000|138750|USD|2750000000|110000000|2750000130|0|2750000130|110000000|0|110000000|3|0|3
Tradition SEF Inc.|549300MBO45EHETL4438|20230301|20230301|717815|"2M USD vs. CAD Call at a delta of 25"|FX|O||USDCAD||USD|CASH||N|N|||P|206250|206250|123000|123750|USD|2750000000|110000000|2750000130|0|2750000130|110000000|0|110000000|3|0|3
Tradition SEF Inc.|549300MBO45EHETL4438|20230301|20230301|717817|"OD USD vs. CAD Put at a strike of 1.3635"|FX|O||USDCAD||USD|CASH||N|N|||P|132750|132750|132750|132750|USD|30000000.0|30000000|30000000|0|30000000|30000000|0|30000000|1|0|1
Tradition SEF Inc.|549300MBO45EHETL4438|20230301|20230301|717818|"OD USD vs. CAD Call at a strike of 1.345"|FX|O||USDCAD||USD|CASH||N|N|||P|27750|27750|27750|27750|USD|60000000.0|60000000|60000000|0|60000000|60000000|0|60000000|2|0|2
Tradition SEF Inc.|549300MBO45EHETL4438|20230301|20230301|717821|"OD USD vs. CAD Call at a strike of 1.3625"|FX|O||USDCAD||USD|CASH||N|N|||P|138000|138000|138000|138000|USD|30000000.0|30000000|30000000|0|30000000|30000000|0|30000000|1|0|1
Tradition SEF Inc.|549300MBO45EHETL4438|20230301|20230301|717822|"6M USD vs. CAD Put at a delta of 50"|FX|O||USDCAD||USD|CASH||N|N|||P|312000|312000|312000|312000|USD|750000000|15000000|750000000|0|750000000|15000000|0|15000000|1|0|1
Tradition SEF Inc.|549300MBO45EHETL4438|20230301|20230301|717823|"6M USD vs. CAD Call at a delta of 50"|FX|O||USDCAD||USD|CASH||N|N|||P|291000|291000|291000|291000|USD|750000000|15000000|750000000|0|750000000|15000000|0|15000000|1|0|1
Tradition SEF Inc.|549300MBO45EHETL4438|20230301|20230301|717824|"6M USD vs. CAD Put at a delta of 25"|FX|O||USDCAD||USD|CASH||N|N|||P|317550|317550|262500|262500|USD|1662500000|66500000|1662499970|0|1662499970|66500000|0|66500000|2|0|2
Tradition SEF Inc.|549300MBO45EHETL4438|20230301|20230301|717826|"ON EUR vs. USD Put at a delta of 50"|FX|O||EURUSD||EUR|CASH||N|N|||P|31875|31875|22250|22250|EUR|1250000000|25000000|1332125060|0|1332125060|26642502|0|26642502|2|0|2
Tradition SEF Inc.|549300MBO45EHETL4438|20230301|20230301|717827|"ON EUR vs. USD Call at a delta of 50"|FX|O||EURUSD||EUR|CASH||N|N|||P|34875|34875|22250|22250|EUR|1250000000|25000000|1332125060|0|1332125060|26642502|0|26642502|2|0|2
Tradition SEF Inc.|549300MBO45EHETL4438|20230301|20230301|717828|"OD USD vs. JPY Call at a strike of 135"|FX|O||USDJPY||USD|CASH||N|N|||P|106250|106250|106250|106250|USD|50000000.0|50000000|50000000|0|50000000|50000000|0|50000000|1|0|1
Tradition SEF Inc.|549300MBO45EHETL4438|20230301|20230301|717830|"SPECIFIC GBP vs. USD Put at a strike of 1.1995"|FX|O||GBPUSD||GBP|CASH||N|N|||P|393500|393500|393500|393500|GBP|50000000.0|50000000|60079996|0|60079996|60079996|0|60079996|1|0|1
Tradition SEF Inc.|549300MBO45EHETL4438|20230301|20230301|717832|"SPECIFIC GBP vs. USD Call at a strike of 1.205"|FX|O||GBPUSD||GBP|CASH||N|N|||P|149000|149000|149000|149000|GBP|50000000.0|50000000|60079996|0|60079996|60079996|0|60079996|1|0|1
Tradition SEF Inc.|549300MBO45EHETL4438|20230301|20230301|717836|"6M USD vs. CAD Call at a delta of 25"|FX|O||USDCAD||USD|CASH||N|N|||P|226500|226500|226500|226500|USD|750000000|30000000|750000000|0|750000000|30000000|0|30000000|1|0|1
Tradition SEF Inc.|549300MBO45EHETL4438|20230301|20230301|717839|"1M USD vs. CAD Put at a delta of 50"|FX|O||USDCAD||USD|CASH||N|N|||P|124125|228937.5|82750|82750|USD|5250000000|105000000|5249999900|0|5249999900|105000000|0|105000000|7|0|7
Tradition SEF Inc.|549300MBO45EHETL4438|20230301|20230301|717840|"1M USD vs. CAD Call at a delta of 50"|FX|O||USDCAD||USD|CASH||N|N|||P|121125|220687.5|80250|80750|USD|5250000000|105000000|5249999900|0|5249999900|105000000|0|105000000|7|0|7
Tradition SEF Inc.|549300MBO45EHETL4438|20230301|20230301|717841|"ON EUR vs. USD Put at a strike of 1.0625"|FX|O||EURUSD||EUR|CASH||N|N|||P|11875|14250|11875|14250|EUR|55000000.0|55000000|58613504|0|58613504|58613504|0|58613504|2|0|2
Tradition SEF Inc.|549300MBO45EHETL4438|20230301|20230301|717843|"OD EUR vs. JPY Put at a delta of 50"|FX|O||EURJPY||EUR|CASH||N|N|||P|448750|448750|448750|448750|EUR|1250000000|25000000|1332125060|0|1332125060|26642502|0|26642502|1|0|1
Tradition SEF Inc.|549300MBO45EHETL4438|20230301|20230301|717844|"OD EUR vs. JPY Call at a delta of 50"|FX|O||EURJPY||EUR|CASH||N|N|||P|475000|475000|475000|475000|EUR|1250000000|25000000|1332125060|0|1332125060|26642502|0|26642502|1|0|1
Tradition SEF Inc.|549300MBO45EHETL4438|20230301|20230301|717846|"ON EUR vs. GBP Call at a strike of 0.8975"|FX|O||EURGBP||EUR|CASH||N|N|||P|5000|7000|5000|7000|EUR|120000000.0|120000000|127884008|0|127884008|127884008|0|127884008|2|0|2
Tradition SEF Inc.|549300MBO45EHETL4438|20230301|20230301|717847|"2W EUR vs. USD Call at a strike of 1.0745"|FX|O||EURUSD||EUR|CASH||N|N|||P|64500|223750|64500|223750|EUR|65000000.0|65000000|69270504|0|69270504|69270504|0|69270504|2|0|2
Tradition SEF Inc.|549300MBO45EHETL4438|20230301|20230301|717850|"9M EUR vs. USD Put at a delta of 50"|FX|O||EURUSD||EUR|CASH||N|N|||P|448768.75|448768.75|448768.75|448768.75|EUR|737500000|14750000|785953860|0|785953860|15719076|0|15719076|1|0|1
Tradition SEF Inc.|549300MBO45EHETL4438|20230301|20230301|717851|"9M EUR vs. USD Call at a delta of 50"|FX|O||EURUSD||EUR|CASH||N|N|||P|410418.75|410418.75|410418.75|410418.75|EUR|737500000|14750000|785953860|0|785953860|15719076|0|15719076|1|0|1
Tradition SEF Inc.|549300MBO45EHETL4438|20230301|20230301|717853|"OD EUR vs. USD Call at a strike of 1.0825"|FX|O||EURUSD||EUR|CASH||N|N|||P|7500|7500|7500|7500|EUR|50000000.0|50000000|53285004|0|53285004|53285004|0|53285004|1|0|1
Tradition SEF Inc.|549300MBO45EHETL4438|20230301|20230301|717854|"2W EUR vs. USD Call at a strike of 1.09"|FX|O||EURUSD||EUR|CASH||N|N|||P|462500|462500|462500|462500|EUR|500000000.0|500000000|532850016|0|532850016|532850016|0|532850016|1|0|1
Tradition SEF Inc.|549300MBO45EHETL4438|20230301|20230301|717857|"6M USD vs. JPY Put at a delta of 50"|FX|O||USDJPY||USD|CASH||N|N|||P|328250|328250|328250|328250|USD|500000000|10000000|500000000|0|500000000|10000000|0|10000000|1|0|1
Tradition SEF Inc.|549300MBO45EHETL4438|20230301|20230301|717858|"6M USD vs. JPY Call at a delta of 50"|FX|O||USDJPY||USD|CASH||N|N|||P|298500|298500|298500|298500|USD|500000000|10000000|500000000|0|500000000|10000000|0|10000000|1|0|1
Tradition SEF Inc.|549300MBO45EHETL4438|20230301|20230301|717859|"SPECIFIC EUR vs. GBP Call at a strike of 0.8885"|FX|O||EURGBP||EUR|CASH||N|N|||P|85080|85080|85080|85080|EUR|60000000.0|60000000|63942004|0|63942004|63942004|0|63942004|1|0|1
Tradition SEF Inc.|549300MBO45EHETL4438|20230301|20230301|717861|"SPECIFIC EUR vs. GBP Put at a strike of 0.8835"|FX|O||EURGBP||EUR|CASH||N|N|||P|65700|65700|65700|65700|EUR|60000000.0|60000000|63942004|0|63942004|63942004|0|63942004|1|0|1
Tradition SEF Inc.|549300MBO45EHETL4438|20230301|20230301|717863|"6M USD vs. MXN Put at a delta of 25"|FX|O||USDMXN||USD|CASH||N|N|||P|244375|316250|158125|316250|USD|2225000000|89000000|2224999940|0|2224999940|89000000|0|89000000|5|0|5
Tradition SEF Inc.|549300MBO45EHETL4438|20230301|20230301|717864|"6M USD vs. MXN Call at a delta of 25"|FX|O||USDMXN||USD|CASH||N|N|||P|163500|218000|109000|218000|USD|2000000000|80000000|2000000000|0|2000000000|80000000|0|80000000|5|0|5
Tradition SEF Inc.|549300MBO45EHETL4438|20230301|20230301|717867|"1W EUR vs. GBP Call at a strike of 0.89"|FX|O||EURGBP||EUR|CASH||N|N|||P|107050|107050|107050|107050|EUR|50000000.0|50000000|53285004|0|53285004|53285004|0|53285004|1|0|1
Tradition SEF Inc.|549300MBO45EHETL4438|20230301|20230301|717869|"2W EUR vs. GBP Put at a strike of 0.88"|FX|O||EURGBP||EUR|CASH||N|N|||P|84200|84200|84200|84200|EUR|50000000.0|50000000|53285004|0|53285004|53285004|0|53285004|1|0|1
Tradition SEF Inc.|549300MBO45EHETL4438|20230301|20230301|717871|"OD NZD vs. USD Call at a strike of 0.625"|FX|O||NZDUSD||NZD|CASH||N|N|||P|96250|96250|96250|96250|NZD|50000000.0|50000000|31189998|0|31189998|31189998|0|31189998|1|0|1
Tradition SEF Inc.|549300MBO45EHETL4438|20230301|20230301|717873|"ON EUR vs. USD Put at a strike of 1.063"|FX|O||EURUSD||EUR|CASH||N|N|||P|21000|21000|21000|21000|EUR|60000000.0|60000000|63942004|0|63942004|63942004|0|63942004|2|0|2
Tradition SEF Inc.|549300MBO45EHETL4438|20230301|20230301|717874|"OD EUR vs. USD Call at a strike of 1.071"|FX|O||EURUSD||EUR|CASH||N|N|||P|161250|161250|161250|161250|EUR|60000000.0|60000000|63942004|0|63942004|63942004|0|63942004|2|0|2
Tradition SEF Inc.|549300MBO45EHETL4438|20230301|20230301|717877|"3M USD vs. MXN Put at a delta of 25"|FX|O||USDMXN||USD|CASH||N|N|||P|209550|209550|209550|209550|USD|550000000|22000000|550000000|0|550000000|22000000|0|22000000|1|0|1
Tradition SEF Inc.|549300MBO45EHETL4438|20230301|20230301|717878|"3M USD vs. MXN Call at a delta of 25"|FX|O||USDMXN||USD|CASH||N|N|||P|146000|146000|146000|146000|USD|500000000|20000000|500000000|0|500000000|20000000|0|20000000|1|0|1
Tradition SEF Inc.|549300MBO45EHETL4438|20230301|20230301|717880|"OD EUR vs. USD Put at a strike of 1.065"|FX|O||EURUSD||EUR|CASH||N|N|||P|170000|170000|170000|170000|EUR|50000000.0|50000000|53285004|0|53285004|53285004|0|53285004|1|0|1
Tradition SEF Inc.|549300MBO45EHETL4438|20230301|20230301|717881|"1W EUR vs. USD Call at a strike of 1.068"|FX|O||EURUSD||EUR|CASH||N|N|||P|163750|163750|163750|163750|EUR|50000000.0|50000000|53285004|0|53285004|53285004|0|53285004|1|0|1
Tradition SEF Inc.|549300MBO45EHETL4438|20230301|20230301|717884|"OD GBP vs. USD Put at a strike of 1.1995"|FX|O||GBPUSD||GBP|CASH||N|N|||P|106875|213750|106875|213750|GBP|75000000.0|75000000|90120000|0|90120000|90120000|0|90120000|2|0|2
Tradition SEF Inc.|549300MBO45EHETL4438|20230301|20230301|717885|"1W GBP vs. USD Call at a strike of 1.2035"|FX|O||GBPUSD||GBP|CASH||N|N|||P|133125|266250|133125|266250|GBP|75000000.0|75000000|90120000|0|90120000|90120000|0|90120000|2|0|2
Tradition SEF Inc.|549300MBO45EHETL4438|20230301|20230301|717888|"OD EUR vs. USD Call at a strike of 1.07"|FX|O||EURUSD||EUR|CASH||N|N|||P|157500|157500|157500|157500|EUR|50000000.0|50000000|53285004|0|53285004|53285004|0|53285004|1|0|1
Tradition SEF Inc.|549300MBO45EHETL4438|20230301|20230301|717891|"OD EUR vs. MXN Put at a strike of 19.75"|FX|O||EURMXN||EUR|CASH||N|N|||P|99000|99000|99000|99000|EUR|20000000.0|20000000|21314002|0|21314002|21314002|0|21314002|1|0|1
Tradition SEF Inc.|549300MBO45EHETL4438|20230301|20230301|717893|"3M USD vs. MXN Put at a delta of 50"|FX|O||USDMXN||USD|CASH||N|N|||P|217250|217250|217250|217250|USD|500000000|10000000|500000000|0|500000000|10000000|0|10000000|1|0|1
Tradition SEF Inc.|549300MBO45EHETL4438|20230301|20230301|717894|"3M USD vs. MXN Call at a delta of 50"|FX|O||USDMXN||USD|CASH||N|N|||P|217250|217250|217250|217250|USD|500000000|10000000|500000000|0|500000000|10000000|0|10000000|1|0|1
Tradition SEF Inc.|549300MBO45EHETL4438|20230301|20230301|717896|"OD EUR vs. MXN Put at a strike of 19.484"|FX|O||EURMXN||EUR|CASH||N|N|||P|106000|106000|106000|106000|EUR|40000000.0|40000000|42628004|0|42628004|42628004|0|42628004|1|0|1
Tradition SEF Inc.|549300MBO45EHETL4438|20230301|20230301|717897|"OD EUR vs. MXN Put at a strike of 19.4"|FX|O||EURMXN||EUR|CASH||N|N|||P|126500|126500|126500|126500|EUR|20000000.0|20000000|21314002|0|21314002|21314002|0|21314002|1|0|1
Tradition SEF Inc.|549300MBO45EHETL4438|20230301|20230301|717900|"OD USD vs. BRL Call at a strike of 5.119"|FX|NDO||USDBRL||USD|CASH||N|N|||P|72500|72500|39250|39250|USD|30000000.0|30000000|30000000|0|30000000|30000000|0|30000000|2|0|2
Tradition SEF Inc.|549300MBO45EHETL4438|20230301|20230301|717902|"ON USD vs. BRL Put at a strike of 5.1935"|FX|NDO||USDBRL||USD|CASH||N|N|||P|63000|63000|63000|63000|USD|30000000.0|30000000|30000000|0|30000000|30000000|0|30000000|1|0|1
Tradition SEF Inc.|549300MBO45EHETL4438|20230301|20230301|717903|"ON USD vs. BRL Call at a strike of 5.18"|FX|NDO||USDBRL||USD|CASH||N|N|||P|70500|70500|70500|70500|USD|30000000.0|30000000|30000000|0|30000000|30000000|0|30000000|1|0|1
Tradition SEF Inc.|549300MBO45EHETL4438|20230301|20230301|717906|"3M USD vs. JPY Put at a delta of 50"|FX|O||USDJPY||USD|CASH||N|N|||P|238000|360375|238000|360375|USD|2000000000|40000000|2000000000|0|2000000000|40000000|0|40000000|3|0|3
Tradition SEF Inc.|549300MBO45EHETL4438|20230301|20230301|717907|"3M USD vs. JPY Call at a delta of 50"|FX|O||USDJPY||USD|CASH||N|N|||P|222500|333750|222500|333375|USD|2000000000|40000000|2000000000|0|2000000000|40000000|0|40000000|3|0|3
Tradition SEF Inc.|549300MBO45EHETL4438|20230301|20230301|717908|"1W EUR vs. USD Call at a strike of 1.105"|FX|O||EURUSD||EUR|CASH||N|N|||P|5000|5000|5000|5000|EUR|50000000.0|50000000|53285004|0|53285004|53285004|0|53285004|1|0|1
Tradition SEF Inc.|549300MBO45EHETL4438|20230301|20230301|13D_USDBRL_NDF|"13 Day Non-Deliverable Forward - United States Dollar and Brazilian Real"|FX|NDF||USDBRL||USD|CASH||N|N|||O|5.2164|5.2164|5.2164|5.2164|USD|200000000.0|200000000|200000000|0|200000000|200000000|0|200000000|1|0|1
Tradition SEF Inc.|549300MBO45EHETL4438|20230301|20230301|19D_USDBRL_NDF|"19 Day Non-Deliverable Forward - United States Dollar and Brazilian Real"|FX|NDF||USDBRL||USD|CASH||N|N|||O|5.2136|5.2136|5.2136|5.2136|USD|20000000.0|20000000|20000000|0|20000000|20000000|0|20000000|1|0|1
Tradition SEF Inc.|549300MBO45EHETL4438|20230301|20230301|33D_USDBRL_NDF|"33 Day Non-Deliverable Forward - United States Dollar and Brazilian Real"|FX|NDF||USDBRL||USD|CASH||N|N|||O|5.229|5.2375|5.229|5.2375|USD|220000000.0|220000000|220000000|0|220000000|220000000|0|220000000|2|0|2
Tradition SEF Inc.|549300MBO45EHETL4438|20230301|20230301|SN_USDCLP_NDF|"Spot Next Non-Deliverable Forward - United States Dollar and Chilean Peso"|FX|NDF||USDCLP||USD|CASH||N|N|||O|815|817|811.5|811.5|USD|40000000.0|40000000|40000000|0|40000000|40000000|0|40000000|6|0|6
Tradition SEF Inc.|549300MBO45EHETL4438|20230301|20230301|6D_USDCLP_NDF|"6 Day Non-Deliverable Forward - United States Dollar and Chilean Peso"|FX|NDF||USDCLP||USD|CASH||N|N|||O|815|815|815|815|USD|3000000.0|3000000|3000000|0|3000000|3000000|0|3000000|1|0|1
Tradition SEF Inc.|549300MBO45EHETL4438|20230301|20230301|7D_USDCLP_NDF|"7 Day Non-Deliverable Forward - United States Dollar and Chilean Peso"|FX|NDF||USDCLP||USD|CASH||N|N|||O|815.43|817.43|815.12|815.12|USD|7000000.0|7000000|7000000|0|7000000|7000000|0|7000000|3|0|3
Tradition SEF Inc.|549300MBO45EHETL4438|20230301|20230301|1W_USDCLP_NDF|"1 Week Non-Deliverable Forward - United States Dollar and Chilean Peso"|FX|NDF||USDCLP||USD|CASH||N|N|||O|816.75|816.75|812|812|USD|51000000.0|51000000|51000000|0|51000000|51000000|0|51000000|4|0|4
Tradition SEF Inc.|549300MBO45EHETL4438|20230301|20230301|8D_USDCLP_NDF|"8 Day Non-Deliverable Forward - United States Dollar and Chilean Peso"|FX|NDF||USDCLP||USD|CASH||N|N|||O|818|818.25|818|818.25|USD|15000000.0|15000000|15000000|0|15000000|15000000|0|15000000|3|0|3
Tradition SEF Inc.|549300MBO45EHETL4438|20230301|20230301|12D_USDCLP_NDF|"12 Day Non-Deliverable Forward - United States Dollar and Chilean Peso"|FX|NDF||USDCLP||USD|CASH||N|N|||O|811|811|811|811|USD|17000000.0|17000000|17000000|0|17000000|17000000|0|17000000|1|0|1
Tradition SEF Inc.|549300MBO45EHETL4438|20230301|20230301|13D_USDCLP_NDF|"13 Day Non-Deliverable Forward - United States Dollar and Chilean Peso"|FX|NDF||USDCLP||USD|CASH||N|N|||O|812.5|812.5|811.5|811.5|USD|114000000.0|114000000|114000000|0|114000000|114000000|0|114000000|3|0|3
Tradition SEF Inc.|549300MBO45EHETL4438|20230301|20230301|14D_USDCLP_NDF|"14 Day Non-Deliverable Forward - United States Dollar and Chilean Peso"|FX|NDF||USDCLP||USD|CASH||N|N|||O|815|815|815|815|USD|308000000.0|308000000|308000000|0|308000000|308000000|0|308000000|5|0|5
Tradition SEF Inc.|549300MBO45EHETL4438|20230301|20230301|2W_USDCLP_NDF|"2 Week Non-Deliverable Forward - United States Dollar and Chilean Peso"|FX|NDF||USDCLP||USD|CASH||N|N|||O|812.5|812.5|812.5|812.5|USD|6300000.0|6300000|6300000|0|6300000|6300000|0|6300000|1|0|1
Tradition SEF Inc.|549300MBO45EHETL4438|20230301|20230301|4W_USDCLP_NDF|"4 Week Non-Deliverable Forward - United States Dollar and Chilean Peso"|FX|NDF||USDCLP||USD|CASH||N|N|||O|819|819.05|815|815|USD|108000000.0|108000000|108000000|0|108000000|108000000|0|108000000|5|0|5
Tradition SEF Inc.|549300MBO45EHETL4438|20230301|20230301|1M_USDCLP_NDF|"1 Month Non-Deliverable Forward - United States Dollar and Chilean Peso"|FX|NDF||USDCLP||USD|CASH||N|N|||O|819.12|820.63|813|813.4|USD|634300000.0|634300000|634300030|0|634300030|634300030|0|634300030|25|0|25
Tradition SEF Inc.|549300MBO45EHETL4438|20230301|20230301|2M_USDCLP_NDF|"2 Month Non-Deliverable Forward - United States Dollar and Chilean Peso"|FX|NDF||USDCLP||USD|CASH||N|N|||O|821.9|821.9|821.9|821.9|USD|25000000.0|25000000|25000000|0|25000000|25000000|0|25000000|2|0|2
Tradition SEF Inc.|549300MBO45EHETL4438|20230301|20230301|SN_USDCOP_NDF|"Spot Next Non-Deliverable Forward - United States Dollar and Colombian Peso"|FX|NDF||USDCOP||USD|CASH||N|N|||O|4885|4885|4885|4885|USD|8000000.0|8000000|8000000|0|8000000|8000000|0|8000000|2|0|2
Tradition SEF Inc.|549300MBO45EHETL4438|20230301|20230301|6D_USDCOP_NDF|"6 Day Non-Deliverable Forward - United States Dollar and Colombian Peso"|FX|NDF||USDCOP||USD|CASH||N|N|||O|4866|4866|4866|4866|USD|7000000.0|7000000|7000000|0|7000000|7000000|0|7000000|1|0|1
Tradition SEF Inc.|549300MBO45EHETL4438|20230301|20230301|1W_USDCOP_NDF|"1 Week Non-Deliverable Forward - United States Dollar and Colombian Peso"|FX|NDF||USDCOP||USD|CASH||N|N|||O|4838|4838|4838|4838|USD|77000000.0|77000000|77000000|0|77000000|77000000|0|77000000|9|0|9
Tradition SEF Inc.|549300MBO45EHETL4438|20230301|20230301|8D_USDCOP_NDF|"8 Day Non-Deliverable Forward - United States Dollar and Colombian Peso"|FX|NDF||USDCOP||USD|CASH||N|N|||O|4883.2|4883.2|4883.2|4883.2|USD|15000000.0|15000000|15000000|0|15000000|15000000|0|15000000|1|0|1
Tradition SEF Inc.|549300MBO45EHETL4438|20230301|20230301|12D_USDCOP_NDF|"12 Day Non-Deliverable Forward - United States Dollar and Colombian Peso"|FX|NDF||USDCOP||USD|CASH||N|N|||O|4875|4875|4875|4875|USD|40000000.0|40000000|40000000|0|40000000|40000000|0|40000000|2|0|2
Tradition SEF Inc.|549300MBO45EHETL4438|20230301|20230301|4W_USDCOP_NDF|"4 Week Non-Deliverable Forward - United States Dollar and Colombian Peso"|FX|NDF||USDCOP||USD|CASH||N|N|||O|4912.5|4912.5|4905.39|4905.39|USD|23000000.0|23000000|23000000|0|23000000|23000000|0|23000000|3|0|3
Tradition SEF Inc.|549300MBO45EHETL4438|20230301|20230301|1M_USDCOP_NDF|"1 Month Non-Deliverable Forward - United States Dollar and Colombian Peso"|FX|NDF||USDCOP||USD|CASH||N|N|||O|4860.19|4894|4860.19|4894|USD|104000000.0|104000000|104000000|0|104000000|104000000|0|104000000|12|0|12
Tradition SEF Inc.|549300MBO45EHETL4438|20230301|20230301|33D_USDCOP_NDF|"33 Day Non-Deliverable Forward - United States Dollar and Colombian Peso"|FX|NDF||USDCOP||USD|CASH||N|N|||O|4896.36|4896.36|4896.36|4896.36|USD|40000000.0|40000000|40000000|0|40000000|40000000|0|40000000|2|0|2
Tradition SEF Inc.|549300MBO45EHETL4438|20230301|20230301|2M_USDCOP_NDF|"2 Month Non-Deliverable Forward - United States Dollar and Colombian Peso"|FX|NDF||USDCOP||USD|CASH||N|N|||O|4924|4924|4924|4924|USD|20000000.0|20000000|20000000|0|20000000|20000000|0|20000000|2|0|2
Tradition SEF Inc.|549300MBO45EHETL4438|20230301|20230301|SN_USDINR_NDF|"Spot Next Non-Deliverable Forward - United States Dollar and Indian Rupee"|FX|NDF||USDINR||USD|CASH||N|N|||O|82.6125|82.6125|82.385|82.3963|USD|107000000.0|107000000|107000000|0|107000000|107000000|0|107000000|8|0|8
Tradition SEF Inc.|549300MBO45EHETL4438|20230301|20230301|13D_USDINR_NDF|"13 Day Non-Deliverable Forward - United States Dollar and Indian Rupee"|FX|NDF||USDINR||USD|CASH||N|N|||O|82.4575|82.4775|82.4575|82.4775|USD|36000000.0|36000000|36000000|0|36000000|36000000|0|36000000|2|0|2
Tradition SEF Inc.|549300MBO45EHETL4438|20230301|20230301|1M_USDINR_NDF|"1 Month Non-Deliverable Forward - United States Dollar and Indian Rupee"|FX|NDF||USDINR||USD|CASH||N|N|||O|82.73|82.73|82.64|82.64|USD|40000000.0|40000000|40000000|0|40000000|40000000|0|40000000|2|0|2
Tradition SEF Inc.|549300MBO45EHETL4438|20230301|20230301|35D_USDINR_NDF|"35 Day Non-Deliverable Forward - United States Dollar and Indian Rupee"|FX|NDF||USDINR||USD|CASH||N|N|||O|82.84|82.84|82.61|82.62|USD|58000000.0|58000000|58000000|0|58000000|58000000|0|58000000|5|0|5
Tradition SEF Inc.|549300MBO45EHETL4438|20230301|20230301|12M_USDINR_NDF|"12 Month Non-Deliverable Forward - United States Dollar and Indian Rupee"|FX|NDF||USDINR||USD|CASH||N|N|||O|84.395|84.395|84.395|84.395|USD|10000000.0|10000000|10000000|0|10000000|10000000|0|10000000|1|0|1
Tradition SEF Inc.|549300MBO45EHETL4438|20230301|20230301|1M_USDKRW_NDF|"1 Month Non-Deliverable Forward - United States Dollar and South Korean Won"|FX|NDF||USDKRW||USD|CASH||N|N|||O|1300.76|1300.76|1300.76|1300.76|USD|200000000.0|200000000|200000000|0|200000000|200000000|0|200000000|1|0|1
Tradition SEF Inc.|549300MBO45EHETL4438|20230301|20230301|3M_USDKRW_NDF|"3 Month Non-Deliverable Forward - United States Dollar and South Korean Won"|FX|NDF||USDKRW||USD|CASH||N|N|||O|1296.99|1296.99|1296.99|1296.99|USD|200000000.0|200000000|200000000|0|200000000|200000000|0|200000000|1|0|1
Tradition SEF Inc.|549300MBO45EHETL4438|20230301|20230301|TN_USDPEN_NDF|"Tomorrow Next Non-Deliverable Forward - United States Dollar and Peruvian Nuevo Sol"|FX|NDF||USDPEN||USD|CASH||N|N|||O|3.794|3.794|3.794|3.794|USD|2000000.0|2000000|2000000|0|2000000|2000000|0|2000000|1|0|1
Tradition SEF Inc.|549300MBO45EHETL4438|20230301|20230301|SN_USDPEN_NDF|"Spot Next Non-Deliverable Forward - United States Dollar and Peruvian Nuevo Sol"|FX|NDF||USDPEN||USD|CASH||N|N|||O|3.772|3.772|3.772|3.772|USD|7000000.0|7000000|7000000|0|7000000|7000000|0|7000000|2|0|2
Tradition SEF Inc.|549300MBO45EHETL4438|20230301|20230301|7D_USDPEN_NDF|"7 Day Non-Deliverable Forward - United States Dollar and Peruvian Nuevo Sol"|FX|NDF||USDPEN||USD|CASH||N|N|||O|3.767|3.767|3.767|3.767|USD|5000000.0|5000000|5000000|0|5000000|5000000|0|5000000|1|0|1
Tradition SEF Inc.|549300MBO45EHETL4438|20230301|20230301|1W_USDPEN_NDF|"1 Week Non-Deliverable Forward - United States Dollar and Peruvian Nuevo Sol"|FX|NDF||USDPEN||USD|CASH||N|N|||O|3.77|3.77|3.77|3.77|USD|27000000.0|27000000|27000000|0|27000000|27000000|0|27000000|1|0|1
Tradition SEF Inc.|549300MBO45EHETL4438|20230301|20230301|12D_USDPEN_NDF|"12 Day Non-Deliverable Forward - United States Dollar and Peruvian Nuevo Sol"|FX|NDF||USDPEN||USD|CASH||N|N|||O|3.77|3.77|3.77|3.77|USD|9300000.0|9300000|9300000|0|9300000|9300000|0|9300000|1|0|1
Tradition SEF Inc.|549300MBO45EHETL4438|20230301|20230301|13D_USDPEN_NDF|"13 Day Non-Deliverable Forward - United States Dollar and Peruvian Nuevo Sol"|FX|NDF||USDPEN||USD|CASH||N|N|||O|3.776|3.778|3.773|3.778|USD|48000000.0|48000000|48000000|0|48000000|48000000|0|48000000|4|0|4
Tradition SEF Inc.|549300MBO45EHETL4438|20230301|20230301|20D_USDPEN_NDF|"20 Day Non-Deliverable Forward - United States Dollar and Peruvian Nuevo Sol"|FX|NDF||USDPEN||USD|CASH||N|N|||O|3.781|3.781|3.781|3.781|USD|4500000.0|4500000|4500000|0|4500000|4500000|0|4500000|1|0|1
Tradition SEF Inc.|549300MBO45EHETL4438|20230301|20230301|3W_USDPEN_NDF|"3 Week Non-Deliverable Forward - United States Dollar and Peruvian Nuevo Sol"|FX|NDF||USDPEN||USD|CASH||N|N|||O|3.7734|3.7734|3.7734|3.7734|USD|9300000.0|9300000|9300000|0|9300000|9300000|0|9300000|1|0|1
Tradition SEF Inc.|549300MBO45EHETL4438|20230301|20230301|25D_USDPEN_NDF|"25 Day Non-Deliverable Forward - United States Dollar and Peruvian Nuevo Sol"|FX|NDF||USDPEN||USD|CASH||N|N|||O|3.7718|3.7718|3.7718|3.7718|USD|5000000.0|5000000|5000000|0|5000000|5000000|0|5000000|1|0|1
Tradition SEF Inc.|549300MBO45EHETL4438|20230301|20230301|28D_USDPEN_NDF|"28 Day Non-Deliverable Forward - United States Dollar and Peruvian Nuevo Sol"|FX|NDF||USDPEN||USD|CASH||N|N|||O|3.7755|3.7755|3.7755|3.7755|USD|27000000.0|27000000|27000000|0|27000000|27000000|0|27000000|1|0|1
Tradition SEF Inc.|549300MBO45EHETL4438|20230301|20230301|4W_USDPEN_NDF|"4 Week Non-Deliverable Forward - United States Dollar and Peruvian Nuevo Sol"|FX|NDF||USDPEN||USD|CASH||N|N|||O|3.7835|3.7835|3.7835|3.7835|USD|4500000.0|4500000|4500000|0|4500000|4500000|0|4500000|1|0|1
Tradition SEF Inc.|549300MBO45EHETL4438|20230301|20230301|1M_USDPEN_NDF|"1 Month Non-Deliverable Forward - United States Dollar and Peruvian Nuevo Sol"|FX|NDF||USDPEN||USD|CASH||N|N|||O|3.7808|3.8018|3.7798|3.7799|USD|11500000.0|11500000|11500000|0|11500000|11500000|0|11500000|4|0|4
Tradition SEF Inc.|549300MBO45EHETL4438|20230301|20230301|111D_USDPEN_NDF|"111 Day Non-Deliverable Forward - United States Dollar and Peruvian Nuevo Sol"|FX|NDF||USDPEN||USD|CASH||N|N|||O|3.801|3.8025|3.7975|3.8025|USD|48000000.0|48000000|48000000|0|48000000|48000000|0|48000000|4|0|4
Tradition SEF Inc.|549300MBO45EHETL4438|20230301|20230301|SN_USDTWD_NDF|"Spot Next Non-Deliverable Forward - United States Dollar and Taiwan New Dollar"|FX|NDF||USDTWD||USD|CASH||N|N|||O|30.629|30.629|30.515|30.515|USD|56000000.0|56000000|56000000|0|56000000|56000000|0|56000000|4|0|4
Tradition SEF Inc.|549300MBO45EHETL4438|20230301|20230301|13D_USDTWD_NDF|"13 Day Non-Deliverable Forward - United States Dollar and Taiwan New Dollar"|FX|NDF||USDTWD||USD|CASH||N|N|||O|30.621|30.621|30.503|30.503|USD|79000000.0|79000000|79000000|0|79000000|79000000|0|79000000|4|0|4
Tradition SEF Inc.|549300MBO45EHETL4438|20230301|20230301|35D_USDTWD_NDF|"35 Day Non-Deliverable Forward - United States Dollar and Taiwan New Dollar"|FX|NDF||USDTWD||USD|CASH||N|N|||O|30.571|30.571|30.42|30.44|USD|564000000.0|564000000|564000000|0|564000000|564000000|0|564000000|26|0|26
Tradition SEF Inc.|549300MBO45EHETL4438|20230301|20230301|2M_USDTWD_NDF|"2 Month Non-Deliverable Forward - United States Dollar and Taiwan New Dollar"|FX|NDF||USDTWD||USD|CASH||N|N|||O|30.405|30.405|30.3275|30.3275|USD|130000000.0|130000000|130000000|0|130000000|130000000|0|130000000|3|0|3
Tradition SEF Inc.|549300MBO45EHETL4438|20230301|20230301|3M_USDTWD_NDF|"3 Month Non-Deliverable Forward - United States Dollar and Taiwan New Dollar"|FX|NDF||USDTWD||USD|CASH||N|N|||O|30.28|30.28|30.18|30.2025|USD|85000000.0|85000000|85000000|0|85000000|85000000|0|85000000|4|0|4
Tradition SEF Inc.|549300MBO45EHETL4438|20230301|20230301|111D_USDTWD_NDF|"111 Day Non-Deliverable Forward - United States Dollar and Taiwan New Dollar"|FX|NDF||USDTWD||USD|CASH||N|N|||O|30.255|30.255|30.255|30.255|USD|15000000.0|15000000|15000000|0|15000000|15000000|0|15000000|1|0|1
Tradition SEF Inc.|549300MBO45EHETL4438|20230301|20230301|6M_USDTWD_NDF|"6 Month Non-Deliverable Forward - United States Dollar and Taiwan New Dollar"|FX|NDF||USDTWD||USD|CASH||N|N|||O|29.97|29.97|29.877|29.877|USD|205000000.0|205000000|205000000|0|205000000|205000000|0|205000000|9|0|9
Tradition SEF Inc.|549300MBO45EHETL4438|20230301|20230301|9M_USDTWD_NDF|"9 Month Non-Deliverable Forward - United States Dollar and Taiwan New Dollar"|FX|NDF||USDTWD||USD|CASH||N|N|||O|29.61|29.61|29.61|29.61|USD|25000000.0|25000000|25000000|0|25000000|25000000|0|25000000|1|0|1
Tradition SEF Inc.|549300MBO45EHETL4438|20230301|20230301|717852|"Variance Swap - Underlying: SPX - 12 Days"|EQ|S|VAR|SINDX|SPX|USD|CASH||N|N|||V|19.25|19.25|19.25|19.25|USD|1298.70130|1298.7013|1298.7013|0|1298.7013|1298.7013|0|1298.7013|1|0|1
Tradition SEF Inc.|549300MBO45EHETL4438|20230301|20230303|EURv3MEURIB:10Y|"10Y EUR AB vs 3M EURIBOR"|IR|S|FF|12M_30E/360.ISDA_vs_3M_ACT/360|3M_EUR-EURIBOR|EUR|CASH||N|N|LCH.Clearnet Limited|F226TOH6YD6XJB17KS62|P|3.24|3.255|3.24|3.255|EUR|400000000.00000|400000000|426280032|426280032|0|426280032|426280032|0|2|2|0
Tradition SEF Inc.|549300MBO45EHETL4438|20230301|20230303|EURv3MEURIB:30Y|"30Y EUR AB vs 3M EURIBOR"|IR|S|FF|12M_30E/360.ISDA_vs_3M_ACT/360|3M_EUR-EURIBOR|EUR|CASH||N|N|LCH.Clearnet Limited|F226TOH6YD6XJB17KS62|P|2.8295|2.8295|2.8295|2.8295|EUR|25000000.00000|25000000|26642502|26642502|0|26642502|26642502|0|1|1|0
Tradition SEF Inc.|549300MBO45EHETL4438|20230301|20230303|USDvSOFR.L:5Y|"5Y USD vs SOFR"|IR|S|OIS|1Y_ACT/360_vs_1D_ACT/360|1D_USD-SOFR-OIS Compound|USD|CASH||N|N|LCH.Clearnet Limited|F226TOH6YD6XJB17KS62|P|4.005625|4.084375|4.005625|4.06837|USD|1871000000.00000|1871000000|1871000060|1871000060|0|1871000060|1871000060|0|18|18|0
Tradition SEF Inc.|549300MBO45EHETL4438|20230301|20230303|USDvSOFR.C:8Y|"8Y USD vs SOFR CME"|IR|S|OIS|1Y_ACT/360_vs_1D_ACT/360|1D_USD-SOFR-OIS Compound|USD|CASH||N|N|Chicago Mercantile Exchange|LCZ7XYGSLJUHFXXNXD88|P|3.803125|3.803125|3.803125|3.803125|USD|150000000.00000|150000000|150000000|150000000|0|150000000|150000000|0|1|1|0
Tradition SEF Inc.|549300MBO45EHETL4438|20230301|20230303|USDvSOFR.L:9Y|"9Y USD vs SOFR"|IR|S|OIS|1Y_ACT/360_vs_1D_ACT/360|1D_USD-SOFR-OIS Compound|USD|CASH||N|N|LCH.Clearnet Limited|F226TOH6YD6XJB17KS62|P|3.70375|3.758125|3.70375|3.75625|USD|1091000000.00000|1091000000|1091000060|1091000060|0|1091000060|1091000060|0|6|6|0
Tradition SEF Inc.|549300MBO45EHETL4438|20230301|20230303|EURv6MEURIB:6Y|"6Y EUR AB vs 6M EURIBOR"|IR|S|FF|12M_30E/360.ISDA_vs_6M_ACT/360|6M_EUR-EURIBOR|EUR|CASH||N|N|LCH.Clearnet Limited|F226TOH6YD6XJB17KS62|P|3.392|3.392|3.392|3.392|EUR|250000000.00000|250000000|266425008|266425008|0|266425008|266425008|0|1|1|0
Tradition SEF Inc.|549300MBO45EHETL4438|20230301|20230303|EURv6MEURIB:2Y|"2Y EUR AB vs 6M EURIBOR"|IR|S|FF|12M_30E/360.ISDA_vs_6M_ACT/360|6M_EUR-EURIBOR|EUR|CASH||N|N|LCH.Clearnet Limited|F226TOH6YD6XJB17KS62|P|3.835|3.835|3.835|3.835|EUR|300000000.00000|300000000|319710016|319710016|0|319710016|319710016|0|2|2|0
Tradition SEF Inc.|549300MBO45EHETL4438|20230301|20230303|USDvSOFR.L:25Y|"25Y USD vs SOFR"|IR|S|OIS|1Y_ACT/360_vs_1D_ACT/360|1D_USD-SOFR-OIS Compound|USD|CASH||N|N|LCH.Clearnet Limited|F226TOH6YD6XJB17KS62|P|3.368125|3.368125|3.368125|3.368125|USD|75000000.00000|75000000|75000000|75000000|0|75000000|75000000|0|1|1|0
Tradition SEF Inc.|549300MBO45EHETL4438|20230301|20230303|EURvESTR.L:9Y|"9Y EUR vs ESTR [LCH]"|IR||||||||N|N|LCH.Clearnet Limited|F226TOH6YD6XJB17KS62|P|3.062|3.062|3.062|3.062||100000000.00000|100000000|100000000|100000000|0|100000000|100000000|0|1|1|0
Tradition SEF Inc.|549300MBO45EHETL4438|20230301|20230303|EURvESTR.L:5Y|"5Y EUR vs ESTR [LCH]"|IR||||||||N|N|LCH.Clearnet Limited|F226TOH6YD6XJB17KS62|P|3.172|3.172|3.172|3.172||150000000.00000|150000000|150000000|150000000|0|150000000|150000000|0|1|1|0
Tradition SEF Inc.|549300MBO45EHETL4438|20230301|20230303|EURv6MEB-GADGET:10Y|"GADGET 10Y EUR AB vs 6M EURIBOR"|IR|S|FF|12M_30E/360.ISDA_vs_6M_ACT/360|6M_EUR-EURIBOR|EUR|CASH||N|N|LCH.Clearnet Limited|F226TOH6YD6XJB17KS62|P|3.30147|3.30424|3.30147|3.30424|EUR|65000000.00000|65000000|69270504|69270504|0|69270504|69270504|0|2|2|0
Tradition SEF Inc.|549300MBO45EHETL4438|20230301|20230303|USDvSOFR.L:4Y|"4Y USD vs SOFR"|IR|S|OIS|1Y_ACT/360_vs_1D_ACT/360|1D_USD-SOFR-OIS Compound|USD|CASH||N|N|LCH.Clearnet Limited|F226TOH6YD6XJB17KS62|P|4.24875|4.24875|4.24875|4.24875|USD|750000000.00000|750000000|750000000|750000000|0|750000000|750000000|0|3|3|0
Tradition SEF Inc.|549300MBO45EHETL4438|20230301|20230303|EURv3MEURIB-AM:9Y|"9Y EUR AM vs 3M EURIBOR"|IR|S|FF|12M_30E/360.ISDA_vs_3M_ACT/360|3M_EUR-EURIBOR|EUR|CASH||N|N|LCH.Clearnet Limited|F226TOH6YD6XJB17KS62|P|3.1985|3.1985|3.1985|3.1985|EUR|100000000.00000|100000000|106570008|106570008|0|106570008|106570008|0|1|1|0
Tradition SEF Inc.|549300MBO45EHETL4438|20230301|20230303|USDvSOFR.L:8Y|"8Y USD vs SOFR"|IR|S|OIS|1Y_ACT/360_vs_1D_ACT/360|1D_USD-SOFR-OIS Compound|USD|CASH||N|N|LCH.Clearnet Limited|F226TOH6YD6XJB17KS62|P|3.746875|3.80625|3.746875|3.791125|USD|1388000000.00000|1388000000|1388000000|1388000000|0|1388000000|1388000000|0|6|6|0
Tradition SEF Inc.|549300MBO45EHETL4438|20230301|20230303|EURv6MEURIB:9Y|"9Y EUR AB vs 6M EURIBOR"|IR|S|FF|12M_30E/360.ISDA_vs_6M_ACT/360|6M_EUR-EURIBOR|EUR|CASH||N|N|LCH.Clearnet Limited|F226TOH6YD6XJB17KS62|P|3.302|3.306|3.302|3.306|EUR|838000000.00000|838000000|893056640|893056640|0|893056640|893056640|0|4|4|0
Tradition SEF Inc.|549300MBO45EHETL4438|20230301|20230303|EURv6MEURIB:20Y|"20Y EUR AB vs 6M EURIBOR"|IR|S|FF|12M_30E/360.ISDA_vs_6M_ACT/360|6M_EUR-EURIBOR|EUR|CASH||N|N|LCH.Clearnet Limited|F226TOH6YD6XJB17KS62|P|3.074|3.074|3.074|3.074|EUR|33500000.00000|33500000|35700952|35700952|0|35700952|35700952|0|1|1|0
Tradition SEF Inc.|549300MBO45EHETL4438|20230301|20230303|EURv6MEURIB:5Y|"5Y EUR AB vs 6M EURIBOR"|IR|S|FF|12M_30E/360.ISDA_vs_6M_ACT/360|6M_EUR-EURIBOR|EUR|CASH||N|N|LCH.Clearnet Limited|F226TOH6YD6XJB17KS62|P|3.452|3.465|3.452|3.465|EUR|770600000.00000|770600000|821228480|821228480|0|821228480|821228480|0|5|5|0
Tradition SEF Inc.|549300MBO45EHETL4438|20230301|20230303|USD.FFvSOFR.L:3M|"3M USD SOFR vs Fed Funds"|IR|S|FFL|6M_ACT/360_vs_1D_ACT/360_vs_1D_ACT/360|1D_USD-SOFR-OIS Compound_vs_1D_USD-Federal Funds-OIS Compound|USD|CASH||N|N|LCH.Clearnet Limited|F226TOH6YD6XJB17KS62|O|2.625|2.625|2.625|2.625|USD|1000000000.00000|1000000000|1000000000|1000000000|0|1000000000|1000000000|0|1|1|0
Tradition SEF Inc.|549300MBO45EHETL4438|20230301|20230303|USDvSOFR.L:10Y|"10Y USD vs SOFR"|IR|S|OIS|1Y_ACT/360_vs_1D_ACT/360|1D_USD-SOFR-OIS Compound|USD|CASH||N|N|LCH.Clearnet Limited|F226TOH6YD6XJB17KS62|P|3.663125|3.73625|3.663125|3.72624|USD|2241000000.00000|2241000000|2240999940|2240999940|0|2240999940|2240999940|0|29|29|0
Tradition SEF Inc.|549300MBO45EHETL4438|20230301|20230303|USDvSOFR.L:30Y|"30Y USD vs SOFR"|IR|S|OIS|1Y_ACT/360_vs_1D_ACT/360|1D_USD-SOFR-OIS Compound|USD|CASH||N|N|LCH.Clearnet Limited|F226TOH6YD6XJB17KS62|P|3.26|3.29125|3.239375|3.28|USD|255000000.00000|255000000|255000000|255000000|0|255000000|255000000|0|11|11|0
Tradition SEF Inc.|549300MBO45EHETL4438|20230301|20230303|EURv3MEURIB-AM:5Y|"5Y EUR AM vs 3M EURIBOR"|IR|S|FF|12M_30E/360.ISDA_vs_3M_ACT/360|3M_EUR-EURIBOR|EUR|CASH||N|N|LCH.Clearnet Limited|F226TOH6YD6XJB17KS62|P|3.277|3.277|3.277|3.277|EUR|150000000.00000|150000000|159855008|159855008|0|159855008|159855008|0|1|1|0
Tradition SEF Inc.|549300MBO45EHETL4438|20230301|20230303|USD.FFvSOFR.L:12Y|"12Y USD SOFR vs Fed Funds"|IR|S|FFL|6M_ACT/360_vs_1D_ACT/360_vs_1D_ACT/360|1D_USD-SOFR-OIS Compound_vs_1D_USD-Federal Funds-OIS Compound|USD|CASH||N|N|LCH.Clearnet Limited|F226TOH6YD6XJB17KS62|O|-1|-1|-1|-1|USD|75000000.00000|75000000|75000000|75000000|0|75000000|75000000|0|1|1|0
Tradition SEF Inc.|549300MBO45EHETL4438|20230301|20230303|EURvESTR.L:2Y|"2Y EUR vs ESTR [LCH]"|IR||||||||N|N|LCH.Clearnet Limited|F226TOH6YD6XJB17KS62|P|59.7|59.7|3.597|3.6315||350000000.00000|350000000|350000000|350000000|0|350000000|350000000|0|2|2|0
Tradition SEF Inc.|549300MBO45EHETL4438|20230301|20230303|USDvSOFR.L:3Y|"3Y USD vs SOFR"|IR|S|OIS|1Y_ACT/360_vs_1D_ACT/360|1D_USD-SOFR-OIS Compound|USD|CASH||N|N|LCH.Clearnet Limited|F226TOH6YD6XJB17KS62|P|4.52875|4.52875|4.52875|4.52875|USD|491000000.00000|491000000|491000000|491000000|0|491000000|491000000|0|3|3|0
Tradition SEF Inc.|549300MBO45EHETL4438|20230301|20230322|USDvOIS.FOMC:H23|"MAR '23 - MAY '23  USD AB vs OIS FOMC"|IR|S|OIS|1?_ACT/360_vs_1D_ACT/360|1D_USD-Federal Funds-OIS Compound|USD|CASH||N|N|LCH.Clearnet Limited|F226TOH6YD6XJB17KS62|P|4.89|4.89|4.89|4.89|USD|2000000000.00000|2000000000|2000000000|2000000000|0|2000000000|2000000000|0|1|1|0
Tradition SEF Inc.|549300MBO45EHETL4438|20230301|20231220|USDvSOFR.L-IMM:Z23-24|"1Y USD vs SOFR IMM Q/Q [LCH]: DEC '23-'24"|IR|S|OIS|1Y_ACT/360_vs_1D_ACT/360|1D_USD-SOFR-OIS Compound|USD|CASH||N|N|LCH.Clearnet Limited|F226TOH6YD6XJB17KS62|P|4.775|4.775|4.775|4.775|USD|2000000000.00000|2000000000|2000000000|2000000000|0|2000000000|2000000000|0|1|1|0
Tradition SEF Inc.|549300MBO45EHETL4438|20230301|20230303|EURv3MEURIB:8Y|"8Y EUR AB vs 3M EURIBOR"|IR|S|FF|12M_30E/360.ISDA_vs_3M_ACT/360|3M_EUR-EURIBOR|EUR|CASH||N|N|LCH.Clearnet Limited|F226TOH6YD6XJB17KS62|P|3.2525|3.2525|3.2525|3.2525|EUR|150000000.00000|150000000|159855008|159855008|0|159855008|159855008|0|1|1|0
Tradition SEF Inc.|549300MBO45EHETL4438|20230301|20230303|USDvSOFR.L:7Y|"7Y USD vs SOFR"|IR|S|OIS|1Y_ACT/360_vs_1D_ACT/360|1D_USD-SOFR-OIS Compound|USD|CASH||N|N|LCH.Clearnet Limited|F226TOH6YD6XJB17KS62|P|3.8|3.875|3.8|3.875|USD|1665000000.00000|1665000000|1664999940|1664999940|0|1664999940|1664999940|0|10|10|0
Tradition SEF Inc.|549300MBO45EHETL4438|20230301|20230303|EURv6MEURIB:8Y|"8Y EUR AB vs 6M EURIBOR"|IR|S|FF|12M_30E/360.ISDA_vs_6M_ACT/360|6M_EUR-EURIBOR|EUR|CASH||N|N|LCH.Clearnet Limited|F226TOH6YD6XJB17KS62|P|3.318|3.322|3.318|3.322|EUR|900000000.00000|900000000|959130050|959130050|0|959130050|959130050|0|3|3|0
Tradition SEF Inc.|549300MBO45EHETL4438|20230301|20230303|EURv6MEURIB:4Y|"4Y EUR AB vs 6M EURIBOR"|IR|S|FF|12M_30E/360.ISDA_vs_6M_ACT/360|6M_EUR-EURIBOR|EUR|CASH||N|N|LCH.Clearnet Limited|F226TOH6YD6XJB17KS62|P|3.55|3.55|3.55|3.55|EUR|123000000.00000|123000000|131081104|131081104|0|131081104|131081104|0|1|1|0
Tradition SEF Inc.|549300MBO45EHETL4438|20230301|20230303|USDvSOFR.L:15Y|"15Y USD vs SOFR"|IR|S|OIS|1Y_ACT/360_vs_1D_ACT/360|1D_USD-SOFR-OIS Compound|USD|CASH||N|N|LCH.Clearnet Limited|F226TOH6YD6XJB17KS62|P|3.618125|3.65625|3.618125|3.64875|USD|1010000000.00000|1010000000|1010000000|1010000000|0|1010000000|1010000000|0|10|10|0
Tradition SEF Inc.|549300MBO45EHETL4438|20230301|20240320|USDvSOFR.L-IMM:H24-25|"1Y USD vs SOFR IMM Q/Q [LCH]: MAR '24-'25"|IR|S|OIS|1Y_ACT/360_vs_1D_ACT/360|1D_USD-SOFR-OIS Compound|USD|CASH||N|N|LCH.Clearnet Limited|F226TOH6YD6XJB17KS62|P|4.4185|4.4185|4.4185|4.4185|USD|1000000000.00000|1000000000|1000000000|1000000000|0|1000000000|1000000000|0|1|1|0
Tradition SEF Inc.|549300MBO45EHETL4438|20230301|20230303|USDvSOFR.L:35Y|"35Y USD vs SOFR"|IR|S|OIS|1Y_ACT/360_vs_1D_ACT/360|1D_USD-SOFR-OIS Compound|USD|CASH||N|N|LCH.Clearnet Limited|F226TOH6YD6XJB17KS62|P|3.14125|3.14375|3.12|3.135|USD|92000000.00000|92000000|92000000|92000000|0|92000000|92000000|0|4|4|0
Tradition SEF Inc.|549300MBO45EHETL4438|20230301|20230303|EURv3MEURIB:4Y|"4Y EUR AB vs 3M EURIBOR"|IR|S|FF|12M_30E/360.ISDA_vs_3M_ACT/360|3M_EUR-EURIBOR|EUR|CASH||N|N|LCH.Clearnet Limited|F226TOH6YD6XJB17KS62|P|3.4555|3.4555|3.4555|3.4555|EUR|123000000.00000|123000000|131081104|131081104|0|131081104|131081104|0|1|1|0
Tradition SEF Inc.|549300MBO45EHETL4438|20230301|20230303|EURv3MEURIB-AM:2Y|"2Y EUR AM vs 3M EURIBOR"|IR|S|FF|12M_30E/360.ISDA_vs_3M_ACT/360|3M_EUR-EURIBOR|EUR|CASH||N|N|LCH.Clearnet Limited|F226TOH6YD6XJB17KS62|P|3.6895|3.6895|3.6895|3.6895|EUR|200000000.00000|200000000|213140016|213140016|0|213140016|213140016|0|1|1|0
Tradition SEF Inc.|549300MBO45EHETL4438|20230301|20230303|EURv6MEURIB:30Y|"30Y EUR AB vs 6M EURIBOR"|IR|S|FF|12M_30E/360.ISDA_vs_6M_ACT/360|6M_EUR-EURIBOR|EUR|CASH||N|N|LCH.Clearnet Limited|F226TOH6YD6XJB17KS62|P|2.736|2.764|2.736|2.764|EUR|50000000.00000|50000000|53285004|53285004|0|53285004|53285004|0|2|2|0
Tradition SEF Inc.|549300MBO45EHETL4438|20230301|20230303|EURv3MEURIB:9Y|"9Y EUR AB vs 3M EURIBOR"|IR|S|FF|12M_30E/360.ISDA_vs_3M_ACT/360|3M_EUR-EURIBOR|EUR|CASH||N|N|LCH.Clearnet Limited|F226TOH6YD6XJB17KS62|P|3.2475|3.2475|3.2475|3.2475|EUR|500000000.00000|500000000|532850016|532850016|0|532850016|532850016|0|2|2|0
Tradition SEF Inc.|549300MBO45EHETL4438|20230301|20230303|EURv6MEURIB:10Y|"10Y EUR AB vs 6M EURIBOR"|IR|S|FF|12M_30E/360.ISDA_vs_6M_ACT/360|6M_EUR-EURIBOR|EUR|CASH||N|N|LCH.Clearnet Limited|F226TOH6YD6XJB17KS62|P|3.289|3.295|3.28|3.295|EUR|491200000.00000|491200000|523471872|523471872|0|523471872|523471872|0|3|3|0
Tradition SEF Inc.|549300MBO45EHETL4438|20230301|20230303|EURv6MEURIB:7Y|"7Y EUR AB vs 6M EURIBOR"|IR|S|FF|12M_30E/360.ISDA_vs_6M_ACT/360|6M_EUR-EURIBOR|EUR|CASH||N|N|LCH.Clearnet Limited|F226TOH6YD6XJB17KS62|P|3.341|3.3485|3.341|3.3485|EUR|742500000.00000|742500000|791282240|791282240|0|791282240|791282240|0|4|4|0
Tradition SEF Inc.|549300MBO45EHETL4438|20230301|20230621|USDvSOFR.L-IMM:M23-24|"1Y USD vs SOFR IMM Q/Q [LCH]: JUN '23-'24"|IR|S|OIS|1Y_ACT/360_vs_1D_ACT/360|1D_USD-SOFR-OIS Compound|USD|CASH||N|N|LCH.Clearnet Limited|F226TOH6YD6XJB17KS62|P|5.241|5.246|5.241|5.246|USD|10500000000.00000|10500000000|10499999700|10499999700|0|10499999700|10499999700|0|4|4|0
Tradition SEF Inc.|549300MBO45EHETL4438|20230301|20230303|EURv3MEURIB:5Y|"5Y EUR AB vs 3M EURIBOR"|IR|S|FF|12M_30E/360.ISDA_vs_3M_ACT/360|3M_EUR-EURIBOR|EUR|CASH||N|N|LCH.Clearnet Limited|F226TOH6YD6XJB17KS62|P|3.372|3.376|3.372|3.376|EUR|209000000.00000|209000000|222731312|222731312|0|222731312|222731312|0|2|2|0
Tradition SEF Inc.|549300MBO45EHETL4438|20230301|20230303|USDvSOFR.L:12Y|"12Y USD vs SOFR"|IR|S|OIS|1Y_ACT/360_vs_1D_ACT/360|1D_USD-SOFR-OIS Compound|USD|CASH||N|N|LCH.Clearnet Limited|F226TOH6YD6XJB17KS62|P|3.69125|3.69125|3.69125|3.69125|USD|100000000.00000|100000000|100000000|100000000|0|100000000|100000000|0|1|1|0
Tradition SEF Inc.|549300MBO45EHETL4438|20230301|20230303|USDvSOFR.L:20Y|"20Y USD vs SOFR"|IR|S|OIS|1Y_ACT/360_vs_1D_ACT/360|1D_USD-SOFR-OIS Compound|USD|CASH||N|N|LCH.Clearnet Limited|F226TOH6YD6XJB17KS62|P|3.500625|3.55875|3.500625|3.553125|USD|540000000.00000|540000000|540000000|540000000|0|540000000|540000000|0|8|8|0
Tradition SEF Inc.|549300MBO45EHETL4438|20230301|20230303|3M-1Y_CFL_STRDL_5-2725_3M-3M-3M_USDSOFR|"Option is Straddle of 3 Month by 1 Year with Strike 5.2725% ; Cap/Floor - 3 Month Secured Overnight Financing Rate (USD)"|IR|CF|FF|3M_ACT/360_vs_3M_3M_ACT/360|3M_USD-SOFR-COMPOUND|USD|CASH||N|N|||P|51|51|51|51|USD|750000000.0|750000000|750000000|0|750000000|750000000|0|750000000|1|0|1
Tradition SEF Inc.|549300MBO45EHETL4438|20230301|20230303|8M_BSW_8M-8M_CLPTNA_8M-8M_CLPTNA|"8 Month Cross Currency Basis Swap - 8 Month ICP Rate for CLP vs. 8 Month ICP Rate for CLP"|IR|S|FFL|8M_8M_ACT/360_vs_8M_8M_ACT/360|8M_CLP-TNA_vs_8M_CLP-TNA|CLF|CASH||N|N|||P|0|0|0|0|CLF|300000.0|300000|13145340|0|13145340|13145340|0|13145340|1|0|1
Tradition SEF Inc.|549300MBO45EHETL4438|20230301|20230303|10Y_BSW_6M-6M_CLPTNA_6M-6M_CLPTNA|"10 Year Cross Currency Basis Swap - 6 Month ICP Rate for CLP vs. 6 Month ICP Rate for CLP"|IR|S|FFL|6M_6M_ACT/360_vs_6M_6M_ACT/360|6M_CLP-TNA_vs_6M_CLP-TNA|CLF|CASH||N|N|||P|2.03|2.06|2.03|2.06|CLF|372000.0|372000|16300221|0|16300221|16300221|0|16300221|4|0|4
Tradition SEF Inc.|549300MBO45EHETL4438|20230301|20230303|2Y_BSW_3M-3M_SOFR_3M-3M_USDSOFR|"2 Year Cross Currency Basis Swap - 3 Month CNH FIXED vs USD SOFR T+2 vs. 3 Month Secured Overnight Financing Rate (USD)"|IR|S|FFL|3M_3M_ACT/360_vs_3M_3M_ACT/360|3M_CNH-HIBOR-TMA_vs_3M_USD-SOFR-COMPOUND|CNY|CASH||N|N|||O|0|0|0|0|CNY|148554250.0|148554250|21578992|0|21578992|21578992|0|21578992|1|0|1
Tradition SEF Inc.|549300MBO45EHETL4438|20230301|20230303|9M_BSW_3M-3M_EuroSTR_3M-3M_USDSOFR|"9 Month Cross Currency Basis Swap - 3 Month EuroSTR for EUR vs. 3 Month Secured Overnight Financing Rate (USD)"|IR|S|FFL|3M_3M_ACT/360_vs_3M_3M_ACT/360|3M_EUR-EuroSTR-COMPOUND_vs_3M_USD-SOFR-COMPOUND|EUR|CASH||N|N|||O|-0.1175|-0.1175|-0.1175|-0.1175|EUR|100000000.0|100000000|106570008|0|106570008|106570008|0|106570008|1|0|1
Tradition SEF Inc.|549300MBO45EHETL4438|20230301|20230303|6Y_BSW_3M-3M_SONIA_3M-3M_USDSOFR|"6 Year Cross Currency Basis Swap - 3 Month SONIA for GBP vs. 3 Month Secured Overnight Financing Rate (USD)"|IR|S|FFL|3M_3M_ACT/365.FIXED_vs_3M_3M_ACT/360|3M_GBP-SONIA-COMPOUND_vs_3M_USD-SOFR-COMPOUND|GBP|CASH||N|N|||O|-0.1575|-0.1575|-0.1575|-0.1575|GBP|75000000.0|75000000|90120000|0|90120000|90120000|0|90120000|1|0|1
Tradition SEF Inc.|549300MBO45EHETL4438|20230301|20230303|1Y_BSW_3M-3M_TONA_3M-3M_USDSOFR|"1 Year Cross Currency Basis Swap - 3 Month TONA for JPY vs. 3 Month Secured Overnight Financing Rate (USD)"|IR|S|FFL|3M_3M_ACT/365.FIXED_vs_3M_3M_ACT/360|3M_JPY-TONA-OIS-COMPOUND_vs_3M_USD-SOFR-COMPOUND|JPY|CASH||N|N|||O|-0.4525|-0.4525|-0.45375|-0.45375|JPY|165000000000.0|165000000000|1209945090|0|1209945090|1209945090|0|1209945090|4|0|4
Tradition SEF Inc.|549300MBO45EHETL4438|20230301|20230303|2Y_BSW_3M-3M_TONA_3M-3M_USDSOFR|"2 Year Cross Currency Basis Swap - 3 Month TONA for JPY vs. 3 Month Secured Overnight Financing Rate (USD)"|IR|S|FFL|3M_3M_ACT/365.FIXED_vs_3M_3M_ACT/360|3M_JPY-TONA-OIS-COMPOUND_vs_3M_USD-SOFR-COMPOUND|JPY|CASH||N|N|||O|-0.5275|-0.5275|-0.5275|-0.5275|JPY|23500000000.0|23500000000|172325504|0|172325504|172325504|0|172325504|2|0|2
Tradition SEF Inc.|549300MBO45EHETL4438|20230301|20230303|3Y_BSW_3M-3M_TONA_3M-3M_USDSOFR|"3 Year Cross Currency Basis Swap - 3 Month TONA for JPY vs. 3 Month Secured Overnight Financing Rate (USD)"|IR|S|FFL|3M_3M_ACT/365.FIXED_vs_3M_3M_ACT/360|3M_JPY-TONA-OIS-COMPOUND_vs_3M_USD-SOFR-COMPOUND|JPY|CASH||N|N|||O|-0.59375|-0.59|-0.59375|-0.59|JPY|55000000000.0|55000000000|403315008|0|403315008|403315008|0|403315008|2|0|2
Tradition SEF Inc.|549300MBO45EHETL4438|20230301|20230303|4Y_BSW_3M-3M_TONA_3M-3M_USDSOFR|"4 Year Cross Currency Basis Swap - 3 Month TONA for JPY vs. 3 Month Secured Overnight Financing Rate (USD)"|IR|S|FFL|3M_3M_ACT/365.FIXED_vs_3M_3M_ACT/360|3M_JPY-TONA-OIS-COMPOUND_vs_3M_USD-SOFR-COMPOUND|JPY|CASH||N|N|||O|-0.65125|-0.65125|-0.65125|-0.65125|JPY|6260000000.0|6260000000|45904580|0|45904580|45904580|0|45904580|1|0|1
Tradition SEF Inc.|549300MBO45EHETL4438|20230301|20230303|5Y_BSW_3M-3M_TONA_3M-3M_USDSOFR|"5 Year Cross Currency Basis Swap - 3 Month TONA for JPY vs. 3 Month Secured Overnight Financing Rate (USD)"|IR|S|FFL|3M_3M_ACT/365.FIXED_vs_3M_3M_ACT/360|3M_JPY-TONA-OIS-COMPOUND_vs_3M_USD-SOFR-COMPOUND|JPY|CASH||N|N|||O|-0.7025|-0.69815|-0.7025|-0.70125|JPY|29500000000.0|29500000000|216323504|0|216323504|216323504|0|216323504|4|0|4
Tradition SEF Inc.|549300MBO45EHETL4438|20230301|20230303|6Y_BSW_3M-3M_TONA_3M-3M_USDSOFR|"6 Year Cross Currency Basis Swap - 3 Month TONA for JPY vs. 3 Month Secured Overnight Financing Rate (USD)"|IR|S|FFL|3M_3M_ACT/365.FIXED_vs_3M_3M_ACT/360|3M_JPY-TONA-OIS-COMPOUND_vs_3M_USD-SOFR-COMPOUND|JPY|CASH||N|N|||O|-0.73625|-0.73625|-0.73625|-0.73625|JPY|4160000000.0|4160000000|30505280|0|30505280|30505280|0|30505280|1|0|1
Tradition SEF Inc.|549300MBO45EHETL4438|20230301|20230303|7Y_BSW_3M-3M_TONA_3M-3M_USDSOFR|"7 Year Cross Currency Basis Swap - 3 Month TONA for JPY vs. 3 Month Secured Overnight Financing Rate (USD)"|IR|S|FFL|3M_3M_ACT/365.FIXED_vs_3M_3M_ACT/360|3M_JPY-TONA-OIS-COMPOUND_vs_3M_USD-SOFR-COMPOUND|JPY|CASH||N|N|||O|-0.7575|-0.7575|-0.7575|-0.7575|JPY|6820000000.0|6820000000|50011060|0|50011060|50011060|0|50011060|1|0|1
Tradition SEF Inc.|549300MBO45EHETL4438|20230301|20230303|9Y_BSW_3M-3M_TONA_3M-3M_USDSOFR|"9 Year Cross Currency Basis Swap - 3 Month TONA for JPY vs. 3 Month Secured Overnight Financing Rate (USD)"|IR|S|FFL|3M_3M_ACT/365.FIXED_vs_3M_3M_ACT/360|3M_JPY-TONA-OIS-COMPOUND_vs_3M_USD-SOFR-COMPOUND|JPY|CASH||N|N|||O|-0.7775|-0.7775|-0.7775|-0.7775|JPY|2000000000.0|2000000000|14666000|0|14666000|14666000|0|14666000|1|0|1
Tradition SEF Inc.|549300MBO45EHETL4438|20230301|20230303|10Y_BSW_3M-3M_TONA_3M-3M_USDSOFR|"10 Year Cross Currency Basis Swap - 3 Month TONA for JPY vs. 3 Month Secured Overnight Financing Rate (USD)"|IR|S|FFL|3M_3M_ACT/365.FIXED_vs_3M_3M_ACT/360|3M_JPY-TONA-OIS-COMPOUND_vs_3M_USD-SOFR-COMPOUND|JPY|CASH||N|N|||O|-0.77875|-0.77875|-0.77875|-0.77875|JPY|2000000000.0|2000000000|14666000|0|14666000|14666000|0|14666000|1|0|1
Tradition SEF Inc.|549300MBO45EHETL4438|20230301|20230303|12Y_BSW_3M-3M_TONA_3M-3M_USDSOFR|"12 Year Cross Currency Basis Swap - 3 Month TONA for JPY vs. 3 Month Secured Overnight Financing Rate (USD)"|IR|S|FFL|3M_3M_ACT/365.FIXED_vs_3M_3M_ACT/360|3M_JPY-TONA-OIS-COMPOUND_vs_3M_USD-SOFR-COMPOUND|JPY|CASH||N|N|||O|-0.78512|-0.78512|-0.78512|-0.78512|JPY|4000000000.0|4000000000|29332000|0|29332000|29332000|0|29332000|1|0|1
Tradition SEF Inc.|549300MBO45EHETL4438|20230301|20230303|2Y_BSW_28D-1M_USDSOFR_28D-28D_TIIE|"2 Year Cross Currency Basis Swap - 1 Month Secured Overnight Financing Rate (USD) vs. 28 Day TIIE for MXN"|IR|S|FFL|28D_28D_ACT/360_vs_28D_28D_ACT/360|1M_USD-SOFR-COMPOUND_vs_28D_MXN-TIIE|USD|CASH||N|N|||O|0|0|0|0|USD|27000000.0|27000000|27000000|0|27000000|27000000|0|27000000|1|0|1
Tradition SEF Inc.|549300MBO45EHETL4438|20230301|20230303|3Y_BSW_28D-1M_USDSOFR_28D-28D_TIIE|"3 Year Cross Currency Basis Swap - 1 Month Secured Overnight Financing Rate (USD) vs. 28 Day TIIE for MXN"|IR|S|FFL|28D_28D_ACT/360_vs_28D_28D_ACT/360|1M_USD-SOFR-COMPOUND_vs_28D_MXN-TIIE|USD|CASH||N|N|||O|0|0|0|0|USD|19500000.0|19500000|19500000|0|19500000|19500000|0|19500000|1|0|1
Tradition SEF Inc.|549300MBO45EHETL4438|20230301|20230303|4Y_BSW_28D-1M_USDSOFR_28D-28D_TIIE|"4 Year Cross Currency Basis Swap - 1 Month Secured Overnight Financing Rate (USD) vs. 28 Day TIIE for MXN"|IR|S|FFL|28D_28D_ACT/360_vs_28D_28D_ACT/360|1M_USD-SOFR-COMPOUND_vs_28D_MXN-TIIE|USD|CASH||N|N|||O|0|0|0|0|USD|15000000.0|15000000|15000000|0|15000000|15000000|0|15000000|1|0|1
Tradition SEF Inc.|549300MBO45EHETL4438|20230301|20230315|13D-3M_FRA_3M_EURIBOR_LCH|"13 Day by 3 Month Forward Rate Agreement - 3 Month EURIBOR for EUR"|IR|FRA||3M_ACT/360_vs_3M_3M_ACT/360|3M_EUR-EURIBOR|EUR|CASH||N|N|LCH.Clearnet Limited|F226TOH6YD6XJB17KS62|P|2.913|2.913|2.913|2.913|EUR|3000000000.0|3000000000|3197100290|3197100290|0|3197100290|3197100290|0|2|2|0
Tradition SEF Inc.|549300MBO45EHETL4438|20230301|20230306|5D-3M_FRA_3M_EURIBOR_LCH|"5 Day by 3 Month Forward Rate Agreement - 3 Month EURIBOR for EUR"|IR|FRA||3M_ACT/360_vs_3M_3M_ACT/360|3M_EUR-EURIBOR|EUR|CASH||N|N|LCH.Clearnet Limited|F226TOH6YD6XJB17KS62|P|2.805|2.805|2.805|2.805|EUR|1100000000.0|1100000000|1172270080|1172270080|0|1172270080|1172270080|0|2|2|0
Tradition SEF Inc.|549300MBO45EHETL4438|20230301|20230621|3M-6M_FRA_3M_EURIBOR_LCH|"3 Month by 6 Month Forward Rate Agreement - 3 Month EURIBOR for EUR"|IR|FRA||3M_ACT/360_vs_3M_3M_ACT/360|3M_EUR-EURIBOR|EUR|CASH||N|N|LCH.Clearnet Limited|F226TOH6YD6XJB17KS62|P|3.66|3.66|3.66|3.66|EUR|3000000000.0|3000000000|3197100290|3197100290|0|3197100290|3197100290|0|1|1|0
Tradition SEF Inc.|549300MBO45EHETL4438|20230301|20241218|21M-24M_FRA_3M_EURIBOR_LCH|"21 Month by 24 Month Forward Rate Agreement - 3 Month EURIBOR for EUR"|IR|FRA||3M_ACT/360_vs_3M_3M_ACT/360|3M_EUR-EURIBOR|EUR|CASH||N|N|LCH.Clearnet Limited|F226TOH6YD6XJB17KS62|P|3.444|3.444|3.444|3.444|EUR|2000000000.0|2000000000|2131400060|2131400060|0|2131400060|2131400060|0|1|1|0
Tradition SEF Inc.|549300MBO45EHETL4438|20230301|20230904|6M-9M_FRA_3M_TELBOR_LCH|"6 Month by 9 Month Forward Rate Agreement - 3 Month TELBOR for ILS"|IR|FRA||3M_ACT/365.FIXED_vs_3M_3M_ACT/365.FIXED|3M_ILS-TELBOR01-Reuters|ILS|CASH||N|N|LCH.Clearnet Limited|F226TOH6YD6XJB17KS62|P|4.93|4.93|4.93|4.93|ILS|720000000.0|720000000|199078560|199078560|0|199078560|199078560|0|1|1|0
Tradition SEF Inc.|549300MBO45EHETL4438|20230301|20231204|9M-12M_FRA_3M_TELBOR_LCH|"9 Month by 12 Month Forward Rate Agreement - 3 Month TELBOR for ILS"|IR|FRA||3M_ACT/365.FIXED_vs_3M_3M_ACT/365.FIXED|3M_ILS-TELBOR01-Reuters|ILS|CASH||N|N|LCH.Clearnet Limited|F226TOH6YD6XJB17KS62|P|4.88|4.88|4.88|4.88|ILS|720000000.0|720000000|199078560|199078560|0|199078560|199078560|0|1|1|0
Tradition SEF Inc.|549300MBO45EHETL4438|20230301|20230904|6M-9M_FRA_3M_WIBOR_LCH|"6 Month by 9 Month Forward Rate Agreement - 3 Month WIBOR for PLN"|IR|FRA||3M_ACT/365.FIXED_vs_3M_3M_ACT/365.FIXED|3M_PLN-WIBOR-WIBO|PLN|CASH||N|N|LCH.Clearnet Limited|F226TOH6YD6XJB17KS62|P|7.08|7.08|7.08|7.08|PLN|940000000.0|940000000|214320000|214320000|0|214320000|214320000|0|1|1|0
Tradition SEF Inc.|549300MBO45EHETL4438|20230301|20231204|9M-12M_FRA_3M_WIBOR_LCH|"9 Month by 12 Month Forward Rate Agreement - 3 Month WIBOR for PLN"|IR|FRA||3M_ACT/365.FIXED_vs_3M_3M_ACT/365.FIXED|3M_PLN-WIBOR-WIBO|PLN|CASH||N|N|LCH.Clearnet Limited|F226TOH6YD6XJB17KS62|P|6.79|6.79|6.79|6.79|PLN|932000000.0|932000000|212496000|212496000|0|212496000|212496000|0|1|1|0
Tradition SEF Inc.|549300MBO45EHETL4438|20230301|20230309|3M_OIS_3M_AONIA_LCH|"3 Month Overnight Index Swap - 3 Month AONIA for AUD"|IR|S|OIS|3M_ACT/365.FIXED_vs_3M_3M_ACT/365.FIXED|3M_AUD-AONIA-OIS-COMPOUND|AUD|CASH||N|N|LCH.Clearnet Limited|F226TOH6YD6XJB17KS62|P|3.78|3.78|3.78|3.78|AUD|4000000000.0|4000000000|2698400000|2698400000|0|2698400000|2698400000|0|3|3|0
Tradition SEF Inc.|549300MBO45EHETL4438|20230301|20230303|9M_OIS_9M_IBR_CME|"9 Month Overnight Index Swap - 9 Month IBR for COP"|IR|S|OIS|9M_ACT/360_vs_9M_9M_ACT/360|9M_COP-IBR-OIS-COMPOUND|COP|CASH||N|N|Chicago Mercantile Exchange|LCZ7XYGSLJUHFXXNXD88|P|12.93|12.93|12.93|12.93|COP|352500000000.0|352500000000|7297806800|7297806800|0|7297806800|7297806800|0|1|1|0
Tradition SEF Inc.|549300MBO45EHETL4438|20230301|20230303|12M_OIS_1Y_IBR_CME|"12 Month Overnight Index Swap - 1 Year IBR for COP"|IR|S|OIS|1Y_ACT/360_vs_1Y_1Y_ACT/360|1Y_COP-IBR-OIS-COMPOUND|COP|CASH||N|N|Chicago Mercantile Exchange|LCZ7XYGSLJUHFXXNXD88|P|13.06|13.06|13.06|13.06|COP|272500000000.0|272500000000|5641567200|5641567200|0|5641567200|5641567200|0|1|1|0
Tradition SEF Inc.|549300MBO45EHETL4438|20230301|20230303|18M_OIS_18M_IBR_CME|"18 Month Overnight Index Swap - 18 Month IBR for COP"|IR|S|OIS|18M_ACT/360_vs_18M_18M_ACT/360|18M_COP-IBR-OIS-COMPOUND|COP|CASH||N|N|Chicago Mercantile Exchange|LCZ7XYGSLJUHFXXNXD88|P|12.9|12.9|12.9|12.9|COP|115500000000.0|115500000000|2391196420|2391196420|0|2391196420|2391196420|0|1|1|0
Tradition SEF Inc.|549300MBO45EHETL4438|20230301|20230303|2Y_OIS_3M_IBR_CME|"2 Year Overnight Index Swap - 3 Month IBR for COP"|IR|S|OIS|3M_ACT/360_vs_3M_3M_ACT/360|3M_COP-IBR-OIS-COMPOUND|COP|CASH||N|N|Chicago Mercantile Exchange|LCZ7XYGSLJUHFXXNXD88|P|11.66|11.66|11.66|11.66|COP|82500000000.0|82500000000|1707997440|1707997440|0|1707997440|1707997440|0|1|1|0
Tradition SEF Inc.|549300MBO45EHETL4438|20230301|20230510|1M_002_OIS_1M_EuroSTR_LCH|"1 Month Overnight Index Swap - 1 Month EuroSTR for EUR"|IR|S|OIS|1M_ACT/360_vs_1M_1M_ACT/360|1M_EUR-EuroSTR-COMPOUND|EUR|CASH||N|N|LCH.Clearnet Limited|F226TOH6YD6XJB17KS62|P|3.305|3.305|3.304|3.304|EUR|5500000000.0|5500000000|5861350400|5861350400|0|5861350400|5861350400|0|3|3|0
Tradition SEF Inc.|549300MBO45EHETL4438|20230301|20240207|1M_003_OIS_1M_EuroSTR_LCH|"1 Month Overnight Index Swap - 1 Month EuroSTR for EUR"|IR|S|OIS|1M_ACT/360_vs_1M_1M_ACT/360|1M_EUR-EuroSTR-COMPOUND|EUR|CASH||N|N|LCH.Clearnet Limited|F226TOH6YD6XJB17KS62|P|3.876|3.876|3.876|3.876|EUR|1000000000.0|1000000000|1065700030|1065700030|0|1065700030|1065700030|0|1|1|0
Tradition SEF Inc.|549300MBO45EHETL4438|20230301|20230621|1M_OIS_1M_EuroSTR_LCH|"1 Month Overnight Index Swap - 1 Month EuroSTR for EUR"|IR|S|OIS|1M_ACT/360_vs_1M_1M_ACT/360|1M_EUR-EuroSTR-COMPOUND|EUR|CASH||N|N|LCH.Clearnet Limited|F226TOH6YD6XJB17KS62|P|3.595|3.595|3.594|3.594|EUR|5500000000.0|5500000000|5861350400|5861350400|0|5861350400|5861350400|0|3|3|0
Tradition SEF Inc.|549300MBO45EHETL4438|20230301|20230303|2M_OIS_2M_EuroSTR_LCH|"2 Month Overnight Index Swap - 2 Month EuroSTR for EUR"|IR|S|OIS|2M_ACT/360_vs_2M_2M_ACT/360|2M_EUR-EuroSTR-COMPOUND|EUR|CASH||N|N|LCH.Clearnet Limited|F226TOH6YD6XJB17KS62|P|2.742|2.742|2.742|2.742|EUR|500000000.0|500000000|532850016|532850016|0|532850016|532850016|0|1|1|0
Tradition SEF Inc.|549300MBO45EHETL4438|20230301|20230315|3M_002_OIS_3M_EuroSTR_LCH|"3 Month Overnight Index Swap - 3 Month EuroSTR for EUR"|IR|S|OIS|3M_ACT/360_vs_3M_3M_ACT/360|3M_EUR-EuroSTR-COMPOUND|EUR|CASH||N|N|LCH.Clearnet Limited|F226TOH6YD6XJB17KS62|P|3.036|3.036|3.036|3.036|EUR|3000000000.0|3000000000|3197100290|3197100290|0|3197100290|3197100290|0|2|2|0
Tradition SEF Inc.|549300MBO45EHETL4438|20230301|20241218|3M_003_OIS_3M_EuroSTR_LCH|"3 Month Overnight Index Swap - 3 Month EuroSTR for EUR"|IR|S|OIS|3M_ACT/360_vs_3M_3M_ACT/360|3M_EUR-EuroSTR-COMPOUND|EUR|CASH||N|N|LCH.Clearnet Limited|F226TOH6YD6XJB17KS62|P|3.321|3.321|3.321|3.321|EUR|2000000000.0|2000000000|2131400060|2131400060|0|2131400060|2131400060|0|1|1|0
Tradition SEF Inc.|549300MBO45EHETL4438|20230301|20230621|3M_OIS_3M_EuroSTR_LCH|"3 Month Overnight Index Swap - 3 Month EuroSTR for EUR"|IR|S|OIS|3M_ACT/360_vs_3M_3M_ACT/360|3M_EUR-EuroSTR-COMPOUND|EUR|CASH||N|N|LCH.Clearnet Limited|F226TOH6YD6XJB17KS62|P|3.671|3.671|3.671|3.671|EUR|3000000000.0|3000000000|3197100290|3197100290|0|3197100290|3197100290|0|1|1|0
Tradition SEF Inc.|549300MBO45EHETL4438|20230301|20230323|1M_OIS_1M_SONIA_LCH|"1 Month Overnight Index Swap - 1 Month SONIA for GBP"|IR|S|OIS|1M_ACT/365.FIXED_vs_1M_1M_ACT/365.FIXED|1M_GBP-SONIA-COMPOUND|GBP|CASH||N|N|LCH.Clearnet Limited|F226TOH6YD6XJB17KS62|P|4.173|4.173|4.173|4.173|GBP|390000000.0|390000000|468623968|468623968|0|468623968|468623968|0|1|1|0
Tradition SEF Inc.|549300MBO45EHETL4438|20230301|20230301|5Y_OIS_1Y_SONIA_LCH|"5 Year Overnight Index Swap - 1 Year SONIA for GBP"|IR|S|OIS|1Y_ACT/365.FIXED_vs_1Y_1Y_ACT/365.FIXED|1Y_GBP-SONIA-COMPOUND|GBP|CASH||N|N|LCH.Clearnet Limited|F226TOH6YD6XJB17KS62|P|3.985|3.985|3.985|3.985|GBP|147400000.0|147400000|177115840|177115840|0|177115840|177115840|0|1|1|0
Tradition SEF Inc.|549300MBO45EHETL4438|20230301|20230301|6Y_OIS_1Y_SONIA_LCH|"6 Year Overnight Index Swap - 1 Year SONIA for GBP"|IR|S|OIS|1Y_ACT/365.FIXED_vs_1Y_1Y_ACT/365.FIXED|1Y_GBP-SONIA-COMPOUND|GBP|CASH||N|N|LCH.Clearnet Limited|F226TOH6YD6XJB17KS62|P|3.883|3.883|3.883|3.883|GBP|250000000.0|250000000|300400000|300400000|0|300400000|300400000|0|1|1|0
Tradition SEF Inc.|549300MBO45EHETL4438|20230301|20230301|7Y_OIS_1Y_SONIA_LCH|"7 Year Overnight Index Swap - 1 Year SONIA for GBP"|IR|S|OIS|1Y_ACT/365.FIXED_vs_1Y_1Y_ACT/365.FIXED|1Y_GBP-SONIA-COMPOUND|GBP|CASH||N|N|LCH.Clearnet Limited|F226TOH6YD6XJB17KS62|P|3.808|3.808|3.808|3.808|GBP|109000000.0|109000000|130974392|130974392|0|130974392|130974392|0|1|1|0
Tradition SEF Inc.|549300MBO45EHETL4438|20230301|20230301|10Y_OIS_1Y_SONIA_LCH|"10 Year Overnight Index Swap - 1 Year SONIA for GBP"|IR|S|OIS|1Y_ACT/365.FIXED_vs_1Y_1Y_ACT/365.FIXED|1Y_GBP-SONIA-COMPOUND|GBP|CASH||N|N|LCH.Clearnet Limited|F226TOH6YD6XJB17KS62|P|3.73528|3.73528|3.73528|3.73528|GBP|50000000.0|50000000|60079996|60079996|0|60079996|60079996|0|1|1|0
Tradition SEF Inc.|549300MBO45EHETL4438|20230301|20230303|3M_OIS_3M_TONA_LCH|"3 Month Overnight Index Swap - 3 Month TONA for JPY"|IR|S|OIS|3M_ACT/365.FIXED_vs_3M_3M_ACT/365.FIXED|3M_JPY-TONA-OIS-COMPOUND|JPY|CASH||N|N|LCH.Clearnet Limited|F226TOH6YD6XJB17KS62|P|0|0|0|0|JPY|300000000000.0|300000000000|2199899900|2199899900|0|2199899900|2199899900|0|2|2|0
Tradition SEF Inc.|549300MBO45EHETL4438|20230301|20230303|5Y_OIS_1Y_TONA_JSCC|"5 Year Overnight Index Swap - 1 Year TONA for JPY"|IR|S|OIS|1Y_ACT/365.FIXED_vs_1Y_1Y_ACT/365.FIXED|1Y_JPY-TONA-OIS-COMPOUND|JPY|CASH||N|N|Japan Sec. Clearing Corp.|549300JHM7D8P3TS4S86|P|0.39875|0.41|0.39875|0.41|JPY|12680000000.0|12680000000|92982440|92982440|0|92982440|92982440|0|3|3|0
Tradition SEF Inc.|549300MBO45EHETL4438|20230301|20230303|5Y_OIS_1Y_TONA_LCH|"5 Year Overnight Index Swap - 1 Year TONA for JPY"|IR|S|OIS|1Y_ACT/365.FIXED_vs_1Y_1Y_ACT/365.FIXED|1Y_JPY-TONA-OIS-COMPOUND|JPY|CASH||N|N|LCH.Clearnet Limited|F226TOH6YD6XJB17KS62|P|0.4375|0.4425|0.4375|0.4425|JPY|42740000000.0|42740000000|313412416|313412416|0|313412416|313412416|0|3|3|0
Tradition SEF Inc.|549300MBO45EHETL4438|20230301|20230303|7Y_OIS_1Y_TONA_JSCC|"7 Year Overnight Index Swap - 1 Year TONA for JPY"|IR|S|OIS|1Y_ACT/365.FIXED_vs_1Y_1Y_ACT/365.FIXED|1Y_JPY-TONA-OIS-COMPOUND|JPY|CASH||N|N|Japan Sec. Clearing Corp.|549300JHM7D8P3TS4S86|P|0.58875|0.5925|0.58875|0.5925|JPY|42000000000.0|42000000000|307986016|307986016|0|307986016|307986016|0|3|3|0
Tradition SEF Inc.|549300MBO45EHETL4438|20230301|20230303|7Y_OIS_1Y_TONA_LCH|"7 Year Overnight Index Swap - 1 Year TONA for JPY"|IR|S|OIS|1Y_ACT/365.FIXED_vs_1Y_1Y_ACT/365.FIXED|1Y_JPY-TONA-OIS-COMPOUND|JPY|CASH||N|N|LCH.Clearnet Limited|F226TOH6YD6XJB17KS62|P|0.6275|0.6275|0.6275|0.6275|JPY|55000000000.0|55000000000|403315008|403315008|0|403315008|403315008|0|3|3|0
Tradition SEF Inc.|549300MBO45EHETL4438|20230301|20230303|9Y_OIS_1Y_TONA_JSCC|"9 Year Overnight Index Swap - 1 Year TONA for JPY"|IR|S|OIS|1Y_ACT/365.FIXED_vs_1Y_1Y_ACT/365.FIXED|1Y_JPY-TONA-OIS-COMPOUND|JPY|CASH||N|N|Japan Sec. Clearing Corp.|549300JHM7D8P3TS4S86|P|0.7275|0.7275|0.7275|0.7275|JPY|11050000000.0|11050000000|81029656|81029656|0|81029656|81029656|0|1|1|0
Tradition SEF Inc.|549300MBO45EHETL4438|20230301|20230303|10Y_OIS_1Y_TONA_JSCC|"10 Year Overnight Index Swap - 1 Year TONA for JPY"|IR|S|OIS|1Y_ACT/365.FIXED_vs_1Y_1Y_ACT/365.FIXED|1Y_JPY-TONA-OIS-COMPOUND|JPY|CASH||N|N|Japan Sec. Clearing Corp.|549300JHM7D8P3TS4S86|P|0.79625|0.83125|0.7875|0.83125|JPY|39250000000.0|39250000000|287820256|287820256|0|287820256|287820256|0|9|9|0
Tradition SEF Inc.|549300MBO45EHETL4438|20230301|20230303|10Y_OIS_1Y_TONA_LCH|"10 Year Overnight Index Swap - 1 Year TONA for JPY"|IR|S|OIS|1Y_ACT/365.FIXED_vs_1Y_1Y_ACT/365.FIXED|1Y_JPY-TONA-OIS-COMPOUND|JPY|CASH||N|N|LCH.Clearnet Limited|F226TOH6YD6XJB17KS62|P|0.83875|0.8625|0.83875|0.86125|JPY|25000000000.0|25000000000|183325008|183325008|0|183325008|183325008|0|8|8|0
Tradition SEF Inc.|549300MBO45EHETL4438|20230301|20230303|11Y_OIS_1Y_TONA_JSCC|"11 Year Overnight Index Swap - 1 Year TONA for JPY"|IR|S|OIS|1Y_ACT/365.FIXED_vs_1Y_1Y_ACT/365.FIXED|1Y_JPY-TONA-OIS-COMPOUND|JPY|CASH||N|N|Japan Sec. Clearing Corp.|549300JHM7D8P3TS4S86|P|0.83875|0.83875|0.83875|0.83875|JPY|18280000000.0|18280000000|134047240|134047240|0|134047240|134047240|0|2|2|0
Tradition SEF Inc.|549300MBO45EHETL4438|20230301|20230303|20Y_OIS_1Y_TONA_JSCC|"20 Year Overnight Index Swap - 1 Year TONA for JPY"|IR|S|OIS|1Y_ACT/365.FIXED_vs_1Y_1Y_ACT/365.FIXED|1Y_JPY-TONA-OIS-COMPOUND|JPY|CASH||N|N|Japan Sec. Clearing Corp.|549300JHM7D8P3TS4S86|P|1.14125|1.14125|1.14125|1.14125|JPY|2000000000.0|2000000000|14666000|14666000|0|14666000|14666000|0|1|1|0
Tradition SEF Inc.|549300MBO45EHETL4438|20230301|20230303|6M_OIS_6M_USDSOFR_LCH|"6 Month Overnight Index Swap - 6 Month Secured Overnight Financing Rate (USD)"|IR|S|OIS|6M_ACT/360_vs_6M_6M_ACT/360|6M_USD-SOFR-COMPOUND|USD|CASH||N|N|LCH.Clearnet Limited|F226TOH6YD6XJB17KS62|P|5.15875|5.15875|5.15875|5.15875|USD|1000000000.0|1000000000|1000000000|1000000000|0|1000000000|1000000000|0|1|1|0
Tradition SEF Inc.|549300MBO45EHETL4438|20230301|20230303|1Y_OIS_1Y_USDSOFR_LCH|"1 Year Overnight Index Swap - 1 Year Secured Overnight Financing Rate (USD)"|IR|S|OIS|1Y_ACT/360_vs_1Y_1Y_ACT/360|1Y_USD-SOFR-COMPOUND|USD|CASH||N|N|LCH.Clearnet Limited|F226TOH6YD6XJB17KS62|P|5.33875|5.33875|5.33875|5.33875|USD|100000000.0|100000000|100000000|100000000|0|100000000|100000000|0|1|1|0
Tradition SEF Inc.|549300MBO45EHETL4438|20230301|20230303|5Y_OIS_1Y_USDSOFR_LCH|"5 Year Overnight Index Swap - 1 Year Secured Overnight Financing Rate (USD)"|IR|S|OIS|1Y_ACT/360_vs_1Y_1Y_ACT/360|1Y_USD-SOFR-COMPOUND|USD|CASH||N|N|LCH.Clearnet Limited|F226TOH6YD6XJB17KS62|P|4.00846|4.08125|4.00846|4.08125|USD|192000000.0|192000000|192000000|192000000|0|192000000|192000000|0|3|3|0
Tradition SEF Inc.|549300MBO45EHETL4438|20230301|20230303|10Y_OIS_1Y_USDSOFR_LCH|"10 Year Overnight Index Swap - 1 Year Secured Overnight Financing Rate (USD)"|IR|S|OIS|1Y_ACT/360_vs_1Y_1Y_ACT/360|1Y_USD-SOFR-COMPOUND|USD|CASH||N|N|LCH.Clearnet Limited|F226TOH6YD6XJB17KS62|P|3.66696|3.73625|3.66696|3.73625|USD|50000000.0|50000000|50000000|50000000|0|50000000|50000000|0|1|1|0
Tradition SEF Inc.|549300MBO45EHETL4438|20230301|20230302|3Y_IRS_3M-3M-3M_BBSW_LCH|"3 Year Interest Rate Swap - 3 Month BBSW Rate for AUD"|IR|S|FF|3M_ACT/365.FIXED_vs_3M_3M_ACT/365.FIXED|3M_AUD-BBR-BBSW|AUD|CASH||N|N|LCH.Clearnet Limited|F226TOH6YD6XJB17KS62|P|4.09125|4.09125|4.09125|4.09125|AUD|89000000.0|89000000|60039400|60039400|0|60039400|60039400|0|1|1|0
Tradition SEF Inc.|549300MBO45EHETL4438|20230301|20230302|3M_002_IRS_3M-3M-3M_CDOR_LCH|"3 Month Interest Rate Swap - 3 Month CDOR Rate for CAD"|IR|S|FF|3M_ACT/365.FIXED_vs_3M_3M_ACT/365.FIXED|3M_CAD-BA-CDOR|CAD|CASH||N|N|LCH.Clearnet Limited|F226TOH6YD6XJB17KS62|P|5.015|5.015|5.015|5.015|CAD|1000000000.0|1000000000|735099970|735099970|0|735099970|735099970|0|1|1|0
Tradition SEF Inc.|549300MBO45EHETL4438|20230301|20230301|3M_IRS_3M-3M-3M_CDOR_LCH|"3 Month Interest Rate Swap - 3 Month CDOR Rate for CAD"|IR|S|FF|3M_ACT/365.FIXED_vs_3M_3M_ACT/365.FIXED|3M_CAD-BA-CDOR|CAD|CASH||N|N|LCH.Clearnet Limited|F226TOH6YD6XJB17KS62|P|5.0175|5.0175|5.0175|5.0175|CAD|1000000000.0|1000000000|735099970|735099970|0|735099970|735099970|0|1|1|0
Tradition SEF Inc.|549300MBO45EHETL4438|20230301|20230301|2Y_IRS_6M-6M-3M_CDOR_LCH|"2 Year Interest Rate Swap - 3 Month CDOR Rate for CAD"|IR|S|FF|6M_ACT/365.FIXED_vs_6M_3M_ACT/365.FIXED|3M_CAD-BA-CDOR|CAD|CASH||N|N|LCH.Clearnet Limited|F226TOH6YD6XJB17KS62|P|4.775|4.775|4.775|4.775|CAD|73500000.0|73500000|54029848|54029848|0|54029848|54029848|0|1|1|0
Tradition SEF Inc.|549300MBO45EHETL4438|20230301|20230301|3Y_IRS_6M-6M-3M_CDOR_LCH|"3 Year Interest Rate Swap - 3 Month CDOR Rate for CAD"|IR|S|FF|6M_ACT/365.FIXED_vs_6M_3M_ACT/365.FIXED|3M_CAD-BA-CDOR|CAD|CASH||N|N|LCH.Clearnet Limited|F226TOH6YD6XJB17KS62|P|4.3825|4.3825|4.3825|4.3825|CAD|100000000.0|100000000|73510000|73510000|0|73510000|73510000|0|1|1|0
Tradition SEF Inc.|549300MBO45EHETL4438|20230301|20230301|5Y_IRS_6M-6M-3M_CDOR_LCH|"5 Year Interest Rate Swap - 3 Month CDOR Rate for CAD"|IR|S|FF|6M_ACT/365.FIXED_vs_6M_3M_ACT/365.FIXED|3M_CAD-BA-CDOR|CAD|CASH||N|N|LCH.Clearnet Limited|F226TOH6YD6XJB17KS62|P|3.9375|3.9375|3.9375|3.9375|CAD|31000000.0|31000000|22788100|22788100|0|22788100|22788100|0|1|1|0
Tradition SEF Inc.|549300MBO45EHETL4438|20230301|20230303|3M_IRS_3M-3M-3M_CLPTNA|"3 Month Interest Rate Swap - 3 Month ICP Rate for CLP"|IR|S|FF|3M_ACT/360_vs_3M_3M_ACT/360|3M_CLP-TNA|CLP|CASH||N|N|||P|11.365|11.365|11.365|11.365|CLP|105000000000.0|105000000000|12951750700|0|12951750700|12951750700|0|12951750700|1|0|1
Tradition SEF Inc.|549300MBO45EHETL4438|20230301|20230303|3Y_IRS_6M-6M-6M_CLPTNA_CME|"3 Year Interest Rate Swap - 6 Month ICP Rate for CLP"|IR|S|FF|6M_ACT/360_vs_6M_6M_ACT/360|6M_CLP-TNA|CLP|CASH||N|N|Chicago Mercantile Exchange|LCZ7XYGSLJUHFXXNXD88|P|7.28|7.28|7.28|7.28|CLP|6500000000.0|6500000000|801774980|801774980|0|801774980|801774980|0|1|1|0
Tradition SEF Inc.|549300MBO45EHETL4438|20230301|20230303|5Y_IRS_6M-6M-6M_CLPTNA_CME|"5 Year Interest Rate Swap - 6 Month ICP Rate for CLP"|IR|S|FF|6M_ACT/360_vs_6M_6M_ACT/360|6M_CLP-TNA|CLP|CASH||N|N|Chicago Mercantile Exchange|LCZ7XYGSLJUHFXXNXD88|P|6.38|6.38|6.38|6.38|CLP|4100000000.0|4100000000|505735008|505735008|0|505735008|505735008|0|1|1|0
Tradition SEF Inc.|549300MBO45EHETL4438|20230301|20230303|8Y_IRS_6M-6M-6M_CLPTNA_CME|"8 Year Interest Rate Swap - 6 Month ICP Rate for CLP"|IR|S|FF|6M_ACT/360_vs_6M_6M_ACT/360|6M_CLP-TNA|CLP|CASH||N|N|Chicago Mercantile Exchange|LCZ7XYGSLJUHFXXNXD88|P|5.8|5.8|5.8|5.8|CLP|12000000000.0|12000000000|1480200060|1480200060|0|1480200060|1480200060|0|1|1|0
Tradition SEF Inc.|549300MBO45EHETL4438|20230301|20230303|10Y_IRS_6M-6M-6M_CLPTNA|"10 Year Interest Rate Swap - 6 Month ICP Rate for CLP"|IR|S|FF|6M_ACT/360_vs_6M_6M_ACT/360|6M_CLP-TNA|CLP|CASH||N|N|||P|5.675|5.71|5.675|5.71|CLP|13600000000.0|13600000000|1677560060|0|1677560060|1677560060|0|1677560060|3|0|3
Tradition SEF Inc.|549300MBO45EHETL4438|20230301|20230303|10Y_IRS_6M-6M-6M_CLPTNA_CME|"10 Year Interest Rate Swap - 6 Month ICP Rate for CLP"|IR|S|FF|6M_ACT/360_vs_6M_6M_ACT/360|6M_CLP-TNA|CLP|CASH||N|N|Chicago Mercantile Exchange|LCZ7XYGSLJUHFXXNXD88|P|5.675|5.72|5.675|5.71|CLP|23750000000.0|23750000000|2929562620|2929562620|0|2929562620|2929562620|0|5|5|0
Tradition SEF Inc.|549300MBO45EHETL4438|20230301|20230303|1Y_IRS_1Y-3M-3M_PRIBOR_LCH|"1 Year Interest Rate Swap - 3 Month PRIBOR Rate for CZK"|IR|S|FF|1Y_ACT/360_vs_3M_3M_ACT/360|3M_CZK-PRIBOR-PRBO|CZK|CASH||N|N|LCH.Clearnet Limited|F226TOH6YD6XJB17KS62|P|7.215|7.215|7.215|7.215|CZK|5785000000.0|5785000000|263905904|263905904|0|263905904|263905904|0|3|3|0
Tradition SEF Inc.|549300MBO45EHETL4438|20230301|20230303|2Y_IRS_1Y-6M-6M_PRIBOR_LCH|"2 Year Interest Rate Swap - 6 Month PRIBOR Rate for CZK"|IR|S|FF|1Y_ACT/360_vs_6M_6M_ACT/360|6M_CZK-PRIBOR-PRBO|CZK|CASH||N|N|LCH.Clearnet Limited|F226TOH6YD6XJB17KS62|P|6.41|6.41|6.41|6.41|CZK|2983000000.0|2983000000|136081472|136081472|0|136081472|136081472|0|3|3|0
Tradition SEF Inc.|549300MBO45EHETL4438|20230301|20230303|6M_IRS_1Y-1M-1M_EURIBOR_LCH|"6 Month Interest Rate Swap - 1 Month EURIBOR for EUR"|IR|S|FF|1Y_ACT/360_vs_1M_1M_ACT/360|1M_EUR-EURIBOR|EUR|CASH||N|N|LCH.Clearnet Limited|F226TOH6YD6XJB17KS62|P|3.174|3.174|3.174|3.174|EUR|262500000.0|262500000|279746272|279746272|0|279746272|279746272|0|1|1|0
Tradition SEF Inc.|549300MBO45EHETL4438|20230301|20230303|9M_IRS_1Y-1M-1M_EURIBOR_LCH|"9 Month Interest Rate Swap - 1 Month EURIBOR for EUR"|IR|S|FF|1Y_ACT/360_vs_1M_1M_ACT/360|1M_EUR-EURIBOR|EUR|CASH||N|N|LCH.Clearnet Limited|F226TOH6YD6XJB17KS62|P|3.403|3.403|3.403|3.403|EUR|175000000.0|175000000|186497504|186497504|0|186497504|186497504|0|1|1|0
Tradition SEF Inc.|549300MBO45EHETL4438|20230301|20230303|1Y_IRS_1Y-3M-3M_TELBOR_LCH|"1 Year Interest Rate Swap - 3 Month TELBOR for ILS"|IR|S|FF|1Y_ACT/365.FIXED_vs_3M_3M_ACT/365.FIXED|3M_ILS-TELBOR01-Reuters|ILS|CASH||N|N|LCH.Clearnet Limited|F226TOH6YD6XJB17KS62|P|4.945|4.945|4.945|4.945|ILS|360000000.0|360000000|99539280|99539280|0|99539280|99539280|0|1|1|0
Tradition SEF Inc.|549300MBO45EHETL4438|20230301|20230303|2Y_IRS_1Y-3M-3M_TELBOR_LCH|"2 Year Interest Rate Swap - 3 Month TELBOR for ILS"|IR|S|FF|1Y_ACT/365.FIXED_vs_3M_3M_ACT/365.FIXED|3M_ILS-TELBOR01-Reuters|ILS|CASH||N|N|LCH.Clearnet Limited|F226TOH6YD6XJB17KS62|P|4.735|4.74|4.735|4.74|ILS|276000000.0|276000000|76313448|76313448|0|76313448|76313448|0|2|2|0
Tradition SEF Inc.|549300MBO45EHETL4438|20230301|20230303|5Y_IRS_1Y-3M-3M_TELBOR_LCH|"5 Year Interest Rate Swap - 3 Month TELBOR for ILS"|IR|S|FF|1Y_ACT/365.FIXED_vs_3M_3M_ACT/365.FIXED|3M_ILS-TELBOR01-Reuters|ILS|CASH||N|N|LCH.Clearnet Limited|F226TOH6YD6XJB17KS62|P|4.155|4.155|4.13|4.15|ILS|240000000.0|240000000|66359516|66359516|0|66359516|66359516|0|5|5|0
Tradition SEF Inc.|549300MBO45EHETL4438|20230301|20230303|10Y_IRS_1Y-3M-3M_TELBOR_LCH|"10 Year Interest Rate Swap - 3 Month TELBOR for ILS"|IR|S|FF|1Y_ACT/365.FIXED_vs_3M_3M_ACT/365.FIXED|3M_ILS-TELBOR01-Reuters|ILS|CASH||N|N|LCH.Clearnet Limited|F226TOH6YD6XJB17KS62|P|4.06|4.06|4.06|4.06|ILS|42000000.0|42000000|11612916|11612916|0|11612916|11612916|0|1|1|0
Tradition SEF Inc.|549300MBO45EHETL4438|20230301|20230302|2M_IRS_28D_TIIE_CME|"2 Month Interest Rate Swap - 28 Day TIIE for MXN"|IR|S|FF|28D_ACT/360_vs_28D_28D_ACT/360|28D_MXN-TIIE|MXN|CASH||N|N|Chicago Mercantile Exchange|LCZ7XYGSLJUHFXXNXD88|P|11.325|11.33|11.325|11.33|MXN|5000000000.0|5000000000|275650016|275650016|0|275650016|275650016|0|2|2|0
Tradition SEF Inc.|549300MBO45EHETL4438|20230301|20230302|3M_IRS_28D_TIIE_CME|"3 Month Interest Rate Swap - 28 Day TIIE for MXN"|IR|S|FF|28D_ACT/360_vs_28D_28D_ACT/360|28D_MXN-TIIE|MXN|CASH||N|N|Chicago Mercantile Exchange|LCZ7XYGSLJUHFXXNXD88|P|11.42|11.42|11.42|11.42|MXN|3000000000.0|3000000000|165390000|165390000|0|165390000|165390000|0|2|2|0
Tradition SEF Inc.|549300MBO45EHETL4438|20230301|20230302|6M_IRS_28D_TIIE_CME|"6 Month Interest Rate Swap - 28 Day TIIE for MXN"|IR|S|FF|28D_ACT/360_vs_28D_28D_ACT/360|28D_MXN-TIIE|MXN|CASH||N|N|Chicago Mercantile Exchange|LCZ7XYGSLJUHFXXNXD88|P|11.685|11.685|11.66|11.66|MXN|2720000000.0|2720000000|149953600|149953600|0|149953600|149953600|0|2|2|0
Tradition SEF Inc.|549300MBO45EHETL4438|20230301|20230302|9M_IRS_28D_TIIE_CME|"9 Month Interest Rate Swap - 28 Day TIIE for MXN"|IR|S|FF|28D_ACT/360_vs_28D_28D_ACT/360|28D_MXN-TIIE|MXN|CASH||N|N|Chicago Mercantile Exchange|LCZ7XYGSLJUHFXXNXD88|P|11.83|11.83|11.78|11.78|MXN|8660000000.0|8660000000|477425792|477425792|0|477425792|477425792|0|5|5|0
Tradition SEF Inc.|549300MBO45EHETL4438|20230301|20230302|1Y_IRS_28D_TIIE_CME|"1 Year Interest Rate Swap - 28 Day TIIE for MXN"|IR|S|FF|28D_ACT/360_vs_28D_28D_ACT/360|28D_MXN-TIIE|MXN|CASH||N|N|Chicago Mercantile Exchange|LCZ7XYGSLJUHFXXNXD88|P|11.8|11.81|11.8|11.805|MXN|4925000000.0|4925000000|271515264|271515264|0|271515264|271515264|0|3|3|0
Tradition SEF Inc.|549300MBO45EHETL4438|20230301|20230302|2Y_IRS_28D_TIIE_CME|"2 Year Interest Rate Swap - 28 Day TIIE for MXN"|IR|S|FF|28D_ACT/360_vs_28D_28D_ACT/360|28D_MXN-TIIE|MXN|CASH||N|N|Chicago Mercantile Exchange|LCZ7XYGSLJUHFXXNXD88|P|10.87|10.87|10.87|10.87|MXN|715000000.0|715000000|39417952|39417952|0|39417952|39417952|0|1|1|0
Tradition SEF Inc.|549300MBO45EHETL4438|20230301|20230302|5Y_IRS_28D_TIIE_CME|"5 Year Interest Rate Swap - 28 Day TIIE for MXN"|IR|S|FF|28D_ACT/360_vs_28D_28D_ACT/360|28D_MXN-TIIE|MXN|CASH||N|N|Chicago Mercantile Exchange|LCZ7XYGSLJUHFXXNXD88|P|9.33|9.33|9.32|9.32|MXN|330000000.0|330000000|18192900|18192900|0|18192900|18192900|0|2|2|0
Tradition SEF Inc.|549300MBO45EHETL4438|20230301|20230302|10Y_IRS_28D_TIIE_CME|"10 Year Interest Rate Swap - 28 Day TIIE for MXN"|IR|S|FF|28D_ACT/360_vs_28D_28D_ACT/360|28D_MXN-TIIE|MXN|CASH||N|N|Chicago Mercantile Exchange|LCZ7XYGSLJUHFXXNXD88|P|9.05|9.05|9.04|9.04|MXN|100000000.0|100000000|5513000|5513000|0|5513000|5513000|0|2|2|0
Tradition SEF Inc.|549300MBO45EHETL4438|20230301|20230306|2Y_IRS_6M-3M-3M_BBRFRA_LCH|"2 Year Interest Rate Swap - 3 Month BBR-FRA for NZD"|IR|S|FF|6M_ACT/365.FIXED_vs_3M_3M_ACT/365.FIXED|3M_NZD-BBR-FRA|NZD|CASH||N|N|LCH.Clearnet Limited|F226TOH6YD6XJB17KS62|P|5.36|5.36|5.36|5.36|NZD|133500000.0|133500000|83277296|83277296|0|83277296|83277296|0|1|1|0
Tradition SEF Inc.|549300MBO45EHETL4438|20230301|20230306|3Y_IRS_6M-3M-3M_BBRFRA_LCH|"3 Year Interest Rate Swap - 3 Month BBR-FRA for NZD"|IR|S|FF|6M_ACT/365.FIXED_vs_3M_3M_ACT/365.FIXED|3M_NZD-BBR-FRA|NZD|CASH||N|N|LCH.Clearnet Limited|F226TOH6YD6XJB17KS62|P|5.105|5.105|5.105|5.105|NZD|182000000.0|182000000|113531600|113531600|0|113531600|113531600|0|1|1|0
Tradition SEF Inc.|549300MBO45EHETL4438|20230301|20230306|5Y_IRS_6M-3M-3M_BBRFRA_LCH|"5 Year Interest Rate Swap - 3 Month BBR-FRA for NZD"|IR|S|FF|6M_ACT/365.FIXED_vs_3M_3M_ACT/365.FIXED|3M_NZD-BBR-FRA|NZD|CASH||N|N|LCH.Clearnet Limited|F226TOH6YD6XJB17KS62|P|4.8125|4.8125|4.8125|4.8125|NZD|57000000.0|57000000|35556600|35556600|0|35556600|35556600|0|1|1|0
Tradition SEF Inc.|549300MBO45EHETL4438|20230301|20230303|1Y_IRS_1Y-3M-3M_WIBOR_LCH|"1 Year Interest Rate Swap - 3 Month WIBOR for PLN"|IR|S|FF|1Y_ACT/ACT.ISDA_vs_3M_3M_ACT/365.FIXED|3M_PLN-WIBOR-WIBO|PLN|CASH||N|N|LCH.Clearnet Limited|F226TOH6YD6XJB17KS62|P|7.115|7.115|7.115|7.115|PLN|328000000.0|328000000|74784000|74784000|0|74784000|74784000|0|1|1|0
Tradition SEF Inc.|549300MBO45EHETL4438|20230301|20230303|2Y_IRS_1Y-3M-3M_WIBOR_LCH|"2 Year Interest Rate Swap - 3 Month WIBOR for PLN"|IR|S|FF|1Y_ACT/ACT.ISDA_vs_3M_3M_ACT/365.FIXED|3M_PLN-WIBOR-WIBO|PLN|CASH||N|N|LCH.Clearnet Limited|F226TOH6YD6XJB17KS62|P|6.6|6.6|6.6|6.6|PLN|243000000.0|243000000|55404000|55404000|0|55404000|55404000|0|1|1|0
Tradition SEF Inc.|549300MBO45EHETL4438|20230301|20230303|2Y_IRS_1Y-6M-6M_WIBOR_LCH|"2 Year Interest Rate Swap - 6 Month WIBOR for PLN"|IR|S|FF|1Y_ACT/ACT.ISDA_vs_6M_6M_ACT/365.FIXED|6M_PLN-WIBOR-WIBO|PLN|CASH||N|N|LCH.Clearnet Limited|F226TOH6YD6XJB17KS62|P|6.74|6.74|6.725|6.725|PLN|412000000.0|412000000|93936000|93936000|0|93936000|93936000|0|2|2|0
Tradition SEF Inc.|549300MBO45EHETL4438|20230301|20230303|5Y_IRS_1Y-6M-6M_WIBOR_LCH|"5 Year Interest Rate Swap - 6 Month WIBOR for PLN"|IR|S|FF|1Y_ACT/ACT.ISDA_vs_6M_6M_ACT/365.FIXED|6M_PLN-WIBOR-WIBO|PLN|CASH||N|N|LCH.Clearnet Limited|F226TOH6YD6XJB17KS62|P|6.08|6.1|6.07|6.1|PLN|236000000.0|236000000|53808000|53808000|0|53808000|53808000|0|5|5|0
Tradition SEF Inc.|549300MBO45EHETL4438|20230301|20230301|5Y_IRS_3M-3M-3M_JIBAR_LCH|"5 Year Interest Rate Swap - 3 Month JIBAR for ZAR"|IR|S|FF|3M_ACT/365.FIXED_vs_3M_3M_ACT/365.FIXED|3M_ZAR-JIBAR-SAFEX|ZAR|CASH||N|N|LCH.Clearnet Limited|F226TOH6YD6XJB17KS62|P|8.22|8.22|8.22|8.22|ZAR|1110000000.0|1110000000|61097732|61097732|0|61097732|61097732|0|1|1|0
Tradition SEF Inc.|549300MBO45EHETL4438|20230301|20230301|7Y_IRS_3M-3M-3M_JIBAR_LCH|"7 Year Interest Rate Swap - 3 Month JIBAR for ZAR"|IR|S|FF|3M_ACT/365.FIXED_vs_3M_3M_ACT/365.FIXED|3M_ZAR-JIBAR-SAFEX|ZAR|CASH||N|N|LCH.Clearnet Limited|F226TOH6YD6XJB17KS62|P|8.68|8.68|8.68|8.68|ZAR|172000000.0|172000000|9467396|9467396|0|9467396|9467396|0|1|1|0
Tradition SEF Inc.|549300MBO45EHETL4438|20230301|20230301|9Y_IRS_3M-3M-3M_JIBAR_LCH|"9 Year Interest Rate Swap - 3 Month JIBAR for ZAR"|IR|S|FF|3M_ACT/365.FIXED_vs_3M_3M_ACT/365.FIXED|3M_ZAR-JIBAR-SAFEX|ZAR|CASH||N|N|LCH.Clearnet Limited|F226TOH6YD6XJB17KS62|P|9.11|9.11|9.11|9.11|ZAR|145000000.0|145000000|7981235|7981235|0|7981235|7981235|0|1|1|0
Tradition SEF Inc.|549300MBO45EHETL4438|20230301|20230301|10Y_IRS_3M-3M-3M_JIBAR_LCH|"10 Year Interest Rate Swap - 3 Month JIBAR for ZAR"|IR|S|FF|3M_ACT/365.FIXED_vs_3M_3M_ACT/365.FIXED|3M_ZAR-JIBAR-SAFEX|ZAR|CASH||N|N|LCH.Clearnet Limited|F226TOH6YD6XJB17KS62|P|9.165|9.165|9.165|9.165|ZAR|683000000.0|683000000|37594368|37594368|0|37594368|37594368|0|1|1|0
Tradition SEF Inc.|549300MBO45EHETL4438|20230301|20250305|2Y-10Y_SWN_STRDL_1-0575_1Y-1Y-1Y_TONA|"Option is Straddle of 2 Year by 10 Year with Strike 1.0575% ; Swaption - 1 Year TONA for JPY"|IR|O|SWO|1Y_ACT/365.FIXED_vs_1Y_1Y_ACT/365.FIXED|1Y_JPY-TONA-OIS-COMPOUND|JPY|CASH||N|N|||P|588|588|588|588|JPY|1500000000.0|1500000000|10999500|0|10999500|10999500|0|10999500|1|0|1
